node,gas,method,model,config,basis,period,ref_col,pred_col,clip_zero,source_table,orig_R2_test,repro_diff,n,n_scored,R2,RMSE,MAE,MBE,nRMSE,pearson_r,CEN_level
3,PM2.5,ols_train_only,-,-,own,test,pm2_5_high_met_one_ug_m3,c_hat_ols_PM2.5,False,-,,,6144,6144,0.7796317444868134,3.6207871912906775,2.6491644519641007,-0.06225144235520991,36.667408114867186,0.8833563274240757,Marginal
3,PM2.5,ols_train_only,-,-,configA,test,pm2_5_high_met_one_ug_m3,c_hat_ols_PM2.5,False,-,,,6144,6144,0.7796317444868134,3.6207871912906775,2.6491644519641007,-0.06225144235520991,36.667408114867186,0.8833563274240757,Marginal
3,PM2.5,ols_train_only,-,-,intersection,test,pm2_5_high_met_one_ug_m3,c_hat_ols_PM2.5,False,-,,,6144,6144,0.7796317444868134,3.6207871912906775,2.6491644519641007,-0.06225144235520991,36.667408114867186,0.8833563274240757,Marginal
3,PM2.5,ols_s6_full_period,-,-,own,test,pm2_5_high_met_one_ug_m3,pm2_5_low_sps30_ug_m3_ols,False,-,,,6144,6144,0.7776025714912588,3.637419277324031,2.6652452588893247,0.0723517939670811,36.83583985475333,0.8839184691281037,Marginal
3,PM2.5,ols_s6_full_period,-,-,configA,test,pm2_5_high_met_one_ug_m3,pm2_5_low_sps30_ug_m3_ols,False,-,,,6144,6144,0.7776025714912588,3.637419277324031,2.6652452588893247,0.0723517939670811,36.83583985475333,0.8839184691281037,Marginal
3,PM2.5,ols_s6_full_period,-,-,intersection,test,pm2_5_high_met_one_ug_m3,pm2_5_low_sps30_ug_m3_ols,False,-,,,6144,6144,0.7776025714912588,3.637419277324031,2.6652452588893247,0.0723517939670811,36.83583985475333,0.8839184691281037,Marginal
3,PM2.5,sps30_raw,-,-,own,test,pm2_5_high_met_one_ug_m3,pm2_5_low_sps30_ug_m3,False,-,,,6144,6144,0.6143448794825015,4.789917512424027,3.456032687356252,0.10130277747588372,48.50709279105525,0.8842832812116121,Marginal
3,PM2.5,sps30_raw,-,-,configA,test,pm2_5_high_met_one_ug_m3,pm2_5_low_sps30_ug_m3,False,-,,,6144,6144,0.6143448794825015,4.789917512424027,3.456032687356252,0.10130277747588372,48.50709279105525,0.8842832812116121,Marginal
3,PM2.5,sps30_raw,-,-,intersection,test,pm2_5_high_met_one_ug_m3,pm2_5_low_sps30_ug_m3,False,-,,,6144,6144,0.6143448794825015,4.789917512424027,3.456032687356252,0.10130277747588372,48.50709279105525,0.8842832812116121,Marginal
3,PM2.5,ols_train_only,-,-,own,full,pm2_5_high_met_one_ug_m3,c_hat_ols_PM2.5,False,-,,,23087,23087,0.6979506723821645,3.459720879744713,2.419055369121843,-0.020318919626038528,44.5579470884002,0.8355006478690672,Marginal
3,PM2.5,ols_train_only,-,-,configA,full,pm2_5_high_met_one_ug_m3,c_hat_ols_PM2.5,False,-,,,23087,23087,0.6979506723821645,3.459720879744713,2.419055369121843,-0.020318919626038528,44.5579470884002,0.8355006478690672,Marginal
3,PM2.5,ols_train_only,-,-,intersection,full,pm2_5_high_met_one_ug_m3,c_hat_ols_PM2.5,False,-,,,23087,23087,0.6979506723821645,3.459720879744713,2.419055369121843,-0.020318919626038528,44.5579470884002,0.8355006478690672,Marginal
3,PM2.5,ols_s6_full_period,-,-,own,full,pm2_5_high_met_one_ug_m3,pm2_5_low_sps30_ug_m3_ols,False,-,,,23087,23087,0.696367946582166,3.468773432594087,2.4253312245416625,0.0685416511699435,44.674535444772786,0.8356362923330156,Marginal
3,PM2.5,ols_s6_full_period,-,-,configA,full,pm2_5_high_met_one_ug_m3,pm2_5_low_sps30_ug_m3_ols,False,-,,,23087,23087,0.696367946582166,3.468773432594087,2.4253312245416625,0.0685416511699435,44.674535444772786,0.8356362923330156,Marginal
3,PM2.5,ols_s6_full_period,-,-,intersection,full,pm2_5_high_met_one_ug_m3,pm2_5_low_sps30_ug_m3_ols,False,-,,,23087,23087,0.696367946582166,3.468773432594087,2.4253312245416625,0.0685416511699435,44.674535444772786,0.8356362923330156,Marginal
3,PM2.5,sps30_raw,-,-,own,full,pm2_5_high_met_one_ug_m3,pm2_5_low_sps30_ug_m3,False,-,,,23087,23087,0.547586586344999,4.234185322614214,2.9603829924927143,-0.7548329064709803,54.532319838890075,0.8353791219167078,Inaceptable
3,PM2.5,sps30_raw,-,-,configA,full,pm2_5_high_met_one_ug_m3,pm2_5_low_sps30_ug_m3,False,-,,,23087,23087,0.547586586344999,4.234185322614214,2.9603829924927143,-0.7548329064709803,54.532319838890075,0.8353791219167078,Inaceptable
3,PM2.5,sps30_raw,-,-,intersection,full,pm2_5_high_met_one_ug_m3,pm2_5_low_sps30_ug_m3,False,-,,,23087,23087,0.547586586344999,4.234185322614214,2.9603829924927143,-0.7548329064709803,54.532319838890075,0.8353791219167078,Inaceptable
3,PM2.5,ml,RF,A,own,test,pm2_5_high_met_one_ug_m3,-,False,tabla_maestra_resultados.csv,0.7623878678485154,0.0,6144,6144,0.7623878678485154,3.7597830799699765,2.6640790484994894,-0.24157270820439078,38.07500781825537,0.8737172398431142,Marginal
3,PM2.5,ml,RF,A,intersection,test,pm2_5_high_met_one_ug_m3,-,False,tabla_maestra_resultados.csv,0.7623878678485154,,6144,6144,0.7623878678485154,3.7597830799699765,2.6640790484994894,-0.2415727082043909,38.07500781825537,0.8737172398431142,Marginal
3,PM2.5,ml,RF,A,own,full,pm2_5_high_met_one_ug_m3,-,False,tabla_maestra_resultados.csv,0.7623878678485154,,23087,23087,0.8318182182409573,2.581615741506589,1.7758156371521503,-0.06977993915281519,33.24877977471974,0.9128508838362982,Marginal
3,PM2.5,ml,RF,A,intersection,full,pm2_5_high_met_one_ug_m3,-,False,tabla_maestra_resultados.csv,0.7623878678485154,,23087,23087,0.8318182182409573,2.581615741506589,1.7758156371521503,-0.06977993915281519,33.24877977471974,0.9128508838362982,Marginal
3,PM2.5,ml,LightGBM,A,own,test,pm2_5_high_met_one_ug_m3,-,False,tabla_maestra_resultados.csv,0.7350244423882155,0.0,6144,6144,0.7350244423882155,3.9703737493401183,2.753061202384219,-0.4813512829521755,40.207641859148985,0.8643774123586773,Marginal
3,PM2.5,ml,LightGBM,A,intersection,test,pm2_5_high_met_one_ug_m3,-,False,tabla_maestra_resultados.csv,0.7350244423882155,,6144,6144,0.7350244423882155,3.9703737493401183,2.753061202384219,-0.4813512829521755,40.207641859148985,0.8643774123586773,Marginal
3,PM2.5,ml,LightGBM,A,own,full,pm2_5_high_met_one_ug_m3,-,False,tabla_maestra_resultados.csv,0.7350244423882155,,23087,23087,0.7591537177716694,3.089385467864884,2.1116846254816948,-0.0857707878389243,39.7883757093588,0.8752971913683193,Marginal
3,PM2.5,ml,LightGBM,A,intersection,full,pm2_5_high_met_one_ug_m3,-,False,tabla_maestra_resultados.csv,0.7350244423882155,,23087,23087,0.7591537177716694,3.089385467864884,2.1116846254816948,-0.0857707878389243,39.7883757093588,0.8752971913683193,Marginal
3,PM2.5,ml,DNN,A,own,test,pm2_5_high_met_one_ug_m3,-,False,tabla_maestra_resultados.csv,0.754566327711729,2.5859081542733975e-10,6144,6144,0.7545663279703199,3.8211629305722288,2.758102403196972,-0.5399421458326591,38.69659641575041,0.873447458473349,Marginal
3,PM2.5,ml,DNN,A,intersection,test,pm2_5_high_met_one_ug_m3,-,False,tabla_maestra_resultados.csv,0.754566327711729,,6144,6144,0.7545663279703199,3.8211629305722288,2.758102403196972,-0.5399421458326591,38.69659641575041,0.873447458473349,Marginal
3,PM2.5,ml,DNN,A,own,full,pm2_5_high_met_one_ug_m3,-,False,tabla_maestra_resultados.csv,0.754566327711729,,23087,23087,0.7410292322109404,3.203520430994855,2.222066509851201,-0.1457513187190507,41.25832655939876,0.8619600064442933,Marginal
3,PM2.5,ml,DNN,A,intersection,full,pm2_5_high_met_one_ug_m3,-,False,tabla_maestra_resultados.csv,0.754566327711729,,23087,23087,0.7410292322109404,3.203520430994855,2.222066509851201,-0.1457513187190507,41.25832655939876,0.8619600064442933,Marginal
3,PM2.5,ml,RF,B,own,test,pm2_5_high_met_one_ug_m3,-,False,tabla_maestra_resultados.csv,0.7610937948552063,0.0,6144,6144,0.7610937948552063,3.770007362710103,2.686558537560613,-0.1586991975016343,38.17854827178321,0.8730002467109016,Marginal
3,PM2.5,ml,RF,B,intersection,test,pm2_5_high_met_one_ug_m3,-,False,tabla_maestra_resultados.csv,0.7610937948552063,,6144,6144,0.7610937948552063,3.770007362710103,2.686558537560613,-0.1586991975016342,38.17854827178321,0.8730002467109016,Marginal
3,PM2.5,ml,RF,B,own,full,pm2_5_high_met_one_ug_m3,-,False,tabla_maestra_resultados.csv,0.7610937948552063,,23087,23087,0.7597621220686188,3.085480936115038,2.206124412399741,-0.0455026624760474,39.73808901711921,0.8724042506054461,Marginal
3,PM2.5,ml,RF,B,intersection,full,pm2_5_high_met_one_ug_m3,-,False,tabla_maestra_resultados.csv,0.7610937948552063,,23087,23087,0.7597621220686188,3.085480936115038,2.206124412399741,-0.0455026624760475,39.73808901711921,0.8724042506054464,Marginal
3,PM2.5,ml,LightGBM,B,own,test,pm2_5_high_met_one_ug_m3,-,False,tabla_maestra_resultados.csv,0.7279602646594463,0.0,6144,6144,0.7279602646594463,4.02295018863676,2.750051598758745,-0.7092470991134858,40.7400790489274,0.8640061924864406,Marginal
3,PM2.5,ml,LightGBM,B,intersection,test,pm2_5_high_met_one_ug_m3,-,False,tabla_maestra_resultados.csv,0.7279602646594463,,6144,6144,0.7279602646594463,4.02295018863676,2.750051598758745,-0.7092470991134858,40.7400790489274,0.8640061924864406,Marginal
3,PM2.5,ml,LightGBM,B,own,full,pm2_5_high_met_one_ug_m3,-,False,tabla_maestra_resultados.csv,0.7279602646594463,,23087,23087,0.763362049461506,3.06227595023601,2.119992830351425,-0.15047163985959602,39.4392306499491,0.8776417791295559,Marginal
3,PM2.5,ml,LightGBM,B,intersection,full,pm2_5_high_met_one_ug_m3,-,False,tabla_maestra_resultados.csv,0.7279602646594463,,23087,23087,0.763362049461506,3.06227595023601,2.119992830351425,-0.15047163985959602,39.4392306499491,0.8776417791295559,Marginal
3,PM2.5,ml,DNN,B,own,test,pm2_5_high_met_one_ug_m3,-,False,tabla_maestra_resultados.csv,0.7563897597313639,-8.44219583129302e-10,6144,6144,0.7563897588871443,3.806941947302517,2.725969160324894,-0.7241463088818515,38.55258171126861,0.8822592631055255,Marginal
3,PM2.5,ml,DNN,B,intersection,test,pm2_5_high_met_one_ug_m3,-,False,tabla_maestra_resultados.csv,0.7563897597313639,,6144,6144,0.7563897588871443,3.806941947302517,2.725969160324894,-0.7241463088818515,38.55258171126861,0.8822592631055255,Marginal
3,PM2.5,ml,DNN,B,own,full,pm2_5_high_met_one_ug_m3,-,False,tabla_maestra_resultados.csv,0.7563897597313639,,23087,23087,0.7321662203489199,3.257877880186853,2.2601359268810075,-0.17204164548873818,41.95839931935394,0.8605879621693415,Marginal
3,PM2.5,ml,DNN,B,intersection,full,pm2_5_high_met_one_ug_m3,-,False,tabla_maestra_resultados.csv,0.7563897597313639,,23087,23087,0.7321662203489199,3.257877880186853,2.2601359268810075,-0.17204164548873818,41.95839931935394,0.8605879621693415,Marginal
3,PM2.5,ml,RF,C,own,test,pm2_5_high_met_one_ug_m3,-,False,tabla_maestra_resultados.csv,0.7440582229999171,0.0,6144,6144,0.7440582229999171,3.9021061000792745,2.7524331056415186,-0.19802492193152857,39.51630110250052,0.8639440161127095,Marginal
3,PM2.5,ml,RF,C,intersection,test,pm2_5_high_met_one_ug_m3,-,False,tabla_maestra_resultados.csv,0.7440582229999171,,6144,6144,0.7440582229999171,3.9021061000792745,2.7524331056415186,-0.19802492193152865,39.51630110250052,0.8639440161127095,Marginal
3,PM2.5,ml,RF,C,own,full,pm2_5_high_met_one_ug_m3,-,False,tabla_maestra_resultados.csv,0.7440582229999171,,23087,23087,0.7503648587423397,3.1452486637494426,2.220179199746283,-0.05692902849322241,40.50784106882929,0.8676769826456824,Marginal
3,PM2.5,ml,RF,C,intersection,full,pm2_5_high_met_one_ug_m3,-,False,tabla_maestra_resultados.csv,0.7440582229999171,,23087,23087,0.7503648587423397,3.1452486637494426,2.220179199746283,-0.056929028493222594,40.50784106882929,0.8676769826456824,Marginal
3,PM2.5,ml,LightGBM,C,own,test,pm2_5_high_met_one_ug_m3,-,False,tabla_maestra_resultados.csv,0.7280838511064316,0.0,6144,6144,0.7280838511064316,4.022036280601729,2.7828493038483244,-0.4906708865595933,40.730823978930324,0.8584066395234904,Marginal
3,PM2.5,ml,LightGBM,C,intersection,test,pm2_5_high_met_one_ug_m3,-,False,tabla_maestra_resultados.csv,0.7280838511064316,,6144,6144,0.7280838511064316,4.022036280601729,2.7828493038483244,-0.4906708865595933,40.730823978930324,0.8584066395234904,Marginal
3,PM2.5,ml,LightGBM,C,own,full,pm2_5_high_met_one_ug_m3,-,False,tabla_maestra_resultados.csv,0.7280838511064316,,23087,23087,0.7453958996646679,3.176397333172342,2.2102565801444554,-0.08270965278839226,40.90900659988277,0.8672928583598156,Marginal
3,PM2.5,ml,LightGBM,C,intersection,full,pm2_5_high_met_one_ug_m3,-,False,tabla_maestra_resultados.csv,0.7280838511064316,,23087,23087,0.7453958996646679,3.176397333172342,2.2102565801444554,-0.08270965278839226,40.90900659988277,0.8672928583598156,Marginal
3,PM2.5,ml,DNN,C,own,test,pm2_5_high_met_one_ug_m3,-,False,tabla_maestra_resultados.csv,0.7687409381893722,5.478654196977573e-10,6144,6144,0.7687409387372376,3.709179600620632,2.6825261551809185,-0.45246310140161466,37.562550628338826,0.8787389457915347,Marginal
3,PM2.5,ml,DNN,C,intersection,test,pm2_5_high_met_one_ug_m3,-,False,tabla_maestra_resultados.csv,0.7687409381893722,,6144,6144,0.7687409387372376,3.709179600620632,2.6825261551809185,-0.45246310140161466,37.562550628338826,0.8787389457915347,Marginal
3,PM2.5,ml,DNN,C,own,full,pm2_5_high_met_one_ug_m3,-,False,tabla_maestra_resultados.csv,0.7687409381893722,,23087,23087,0.7452643174738351,3.177218025636096,2.2021805393993765,-0.14219843703588153,40.91957634601169,0.8636270091700751,Marginal
3,PM2.5,ml,DNN,C,intersection,full,pm2_5_high_met_one_ug_m3,-,False,tabla_maestra_resultados.csv,0.7687409381893722,,23087,23087,0.7452643174738351,3.177218025636096,2.2021805393993765,-0.14219843703588153,40.91957634601169,0.8636270091700751,Marginal
3,PM2.5,ml,XGBoost,A,own,test,pm2_5_high_met_one_ug_m3,-,False,tabla_maestra_resultados.csv,0.7374976846437495,0.0,6144,6144,0.7374976846437495,3.9518008710051262,2.707716882772123,-0.5293620014563203,40.0195558784498,0.8635149777048148,Marginal
3,PM2.5,ml,XGBoost,A,intersection,test,pm2_5_high_met_one_ug_m3,-,False,tabla_maestra_resultados.csv,0.7374976846437495,,6144,6144,0.7374976846437495,3.9518008710051262,2.707716882772123,-0.5293620014563203,40.0195558784498,0.8635149777048148,Marginal
3,PM2.5,ml,XGBoost,A,own,full,pm2_5_high_met_one_ug_m3,-,False,tabla_maestra_resultados.csv,0.7374976846437495,,23087,23087,0.7460732491199445,3.1721692710712928,2.180844997850561,-0.14481514329571968,40.85455314137172,0.8663343379787786,Marginal
3,PM2.5,ml,XGBoost,A,intersection,full,pm2_5_high_met_one_ug_m3,-,False,tabla_maestra_resultados.csv,0.7374976846437495,,23087,23087,0.7460732491199445,3.1721692710712928,2.180844997850561,-0.14481514329571968,40.85455314137172,0.8663343379787786,Marginal
3,PM2.5,ml,LSTM,A,own,test,pm2_5_high_met_one_ug_m3,-,False,tabla_maestra_resultados.csv,0.7275910692592438,2.236887342021987e-09,6144,5664,0.7275910714961311,4.070910541074805,2.7949487135487763,-1.2010767791146613,41.40057691070438,0.8869903600658762,Marginal
3,PM2.5,ml,LSTM,A,intersection,test,pm2_5_high_met_one_ug_m3,-,False,tabla_maestra_resultados.csv,0.7275910692592438,,6144,5664,0.7275910714961311,4.070910541074805,2.7949487135487763,-1.2010767791146613,41.40057691070438,0.8869903600658762,Marginal
3,PM2.5,ml,LSTM,A,own,full,pm2_5_high_met_one_ug_m3,-,False,tabla_maestra_resultados.csv,0.7275910692592438,,23087,17344,0.7563308021200803,3.0923412854718784,2.1765895807433435,-0.4425941076880575,39.51576860552746,0.8802030575699683,Marginal
3,PM2.5,ml,LSTM,A,intersection,full,pm2_5_high_met_one_ug_m3,-,False,tabla_maestra_resultados.csv,0.7275910692592438,,23087,17344,0.7563308021200803,3.0923412854718784,2.1765895807433435,-0.4425941076880575,39.51576860552746,0.8802030575699683,Marginal
3,PM2.5,ml,XGBoost,B,own,test,pm2_5_high_met_one_ug_m3,-,False,tabla_maestra_resultados.csv,0.7399287183288143,0.0,6144,6144,0.7399287183288143,3.9334594953696844,2.7048796555221393,-0.5010665279308645,39.83381430616671,0.864620774454481,Marginal
3,PM2.5,ml,XGBoost,B,intersection,test,pm2_5_high_met_one_ug_m3,-,False,tabla_maestra_resultados.csv,0.7399287183288143,,6144,6144,0.7399287183288143,3.9334594953696844,2.7048796555221393,-0.5010665279308645,39.83381430616671,0.864620774454481,Marginal
3,PM2.5,ml,XGBoost,B,own,full,pm2_5_high_met_one_ug_m3,-,False,tabla_maestra_resultados.csv,0.7399287183288143,,23087,23087,0.7470191426070529,3.166255491299151,2.1781683086099375,-0.13760920298095902,40.77838922661135,0.8666865423860971,Marginal
3,PM2.5,ml,XGBoost,B,intersection,full,pm2_5_high_met_one_ug_m3,-,False,tabla_maestra_resultados.csv,0.7399287183288143,,23087,23087,0.7470191426070529,3.166255491299151,2.1781683086099375,-0.13760920298095902,40.77838922661135,0.8666865423860971,Marginal
3,PM2.5,ml,LSTM,B,own,test,pm2_5_high_met_one_ug_m3,-,False,tabla_maestra_resultados.csv,0.737137739572526,-1.0584032539284749e-09,6144,5664,0.7371377385141228,3.9989411210607404,2.8459346630600004,-0.4022677267038679,40.66865822115135,0.8756428445113336,Marginal
3,PM2.5,ml,LSTM,B,intersection,test,pm2_5_high_met_one_ug_m3,-,False,tabla_maestra_resultados.csv,0.737137739572526,,6144,5664,0.7371377385141228,3.9989411210607404,2.8459346630600004,-0.4022677267038679,40.66865822115135,0.8756428445113336,Marginal
3,PM2.5,ml,LSTM,B,own,full,pm2_5_high_met_one_ug_m3,-,False,tabla_maestra_resultados.csv,0.737137739572526,,23087,17344,0.7735773981431973,2.9808971387395413,2.1130486721777775,-0.08271017564440016,38.091669287834115,0.8824596950758663,Marginal
3,PM2.5,ml,LSTM,B,intersection,full,pm2_5_high_met_one_ug_m3,-,False,tabla_maestra_resultados.csv,0.737137739572526,,23087,17344,0.7735773981431973,2.9808971387395413,2.1130486721777775,-0.08271017564440016,38.091669287834115,0.8824596950758663,Marginal
3,PM2.5,ml,XGBoost,C,own,test,pm2_5_high_met_one_ug_m3,-,False,tabla_maestra_resultados.csv,0.7266744848509488,0.0,6144,6144,0.7266744848509488,4.032446100121118,2.7554964684532024,-0.5835536267259158,40.83624334785586,0.8656026106381051,Marginal
3,PM2.5,ml,XGBoost,C,intersection,test,pm2_5_high_met_one_ug_m3,-,False,tabla_maestra_resultados.csv,0.7266744848509488,,6144,6144,0.7266744848509488,4.032446100121118,2.7554964684532024,-0.5835536267259158,40.83624334785586,0.8656026106381051,Marginal
3,PM2.5,ml,XGBoost,C,own,full,pm2_5_high_met_one_ug_m3,-,False,tabla_maestra_resultados.csv,0.7266744848509488,,23087,23087,0.7508401327658425,3.14225315766393,2.200605929161195,-0.15707746886874502,40.469261771163204,0.8791012019939501,Marginal
3,PM2.5,ml,XGBoost,C,intersection,full,pm2_5_high_met_one_ug_m3,-,False,tabla_maestra_resultados.csv,0.7266744848509488,,23087,23087,0.7508401327658425,3.14225315766393,2.200605929161195,-0.15707746886874502,40.469261771163204,0.8791012019939501,Marginal
3,PM2.5,ml,LSTM,C,own,test,pm2_5_high_met_one_ug_m3,-,False,tabla_maestra_resultados.csv,0.727214876229475,-1.4849710350262058e-09,6144,5664,0.727214874744504,4.073720535147249,2.8083766551930354,-1.2865000820934436,41.42915414779692,0.8815338394157864,Marginal
3,PM2.5,ml,LSTM,C,intersection,test,pm2_5_high_met_one_ug_m3,-,False,tabla_maestra_resultados.csv,0.727214876229475,,6144,5664,0.727214874744504,4.073720535147249,2.8083766551930354,-1.2865000820934436,41.42915414779692,0.8815338394157864,Marginal
3,PM2.5,ml,LSTM,C,own,full,pm2_5_high_met_one_ug_m3,-,False,tabla_maestra_resultados.csv,0.727214876229475,,23087,17344,0.7611142169633152,3.0618383185361515,2.1497949881168132,-0.44371871073297275,39.12598362646416,0.880982671815584,Marginal
3,PM2.5,ml,LSTM,C,intersection,full,pm2_5_high_met_one_ug_m3,-,False,tabla_maestra_resultados.csv,0.727214876229475,,23087,17344,0.7611142169633152,3.0618383185361515,2.1497949881168132,-0.44371871073297275,39.12598362646416,0.880982671815584,Marginal
3,PM2.5,ml,LSTM_v6,A,own,test,pm2_5_high_met_one_ug_m3,-,False,tabla_maestra_lstm_v6.csv,0.7492773073629578,-1.0622425121176171e-05,6144,5664,0.7492666849378367,3.9055923478886507,2.752021879652294,-0.5300278783812697,39.719314573277764,0.8735431745715805,Marginal
3,PM2.5,ml,LSTM_v6,A,intersection,test,pm2_5_high_met_one_ug_m3,-,False,tabla_maestra_lstm_v6.csv,0.7492773073629578,,6144,5664,0.7492666849378367,3.9055923478886507,2.752021879652294,-0.5300278783812697,39.719314573277764,0.8735431745715805,Marginal
3,PM2.5,ml,LSTM_v6,A,own,full,pm2_5_high_met_one_ug_m3,-,False,tabla_maestra_lstm_v6.csv,0.7492773073629578,,23087,17344,0.7702830168088161,3.002504409933392,2.1539144269225097,-0.30527262465780897,38.3677797975972,0.8802029844078673,Marginal
3,PM2.5,ml,LSTM_v6,A,intersection,full,pm2_5_high_met_one_ug_m3,-,False,tabla_maestra_lstm_v6.csv,0.7492773073629578,,23087,17344,0.7702830168088161,3.002504409933392,2.1539144269225097,-0.30527262465780897,38.3677797975972,0.8802029844078673,Marginal
3,PM2.5,ml,LSTM_v6,B,own,test,pm2_5_high_met_one_ug_m3,-,False,tabla_maestra_lstm_v6.csv,0.7566964933923002,2.9424291967394822e-06,6144,5664,0.7566994358214969,3.847268067116246,2.7136682700471018,-0.3400345119716084,39.126164994696765,0.8766367273950953,Marginal
3,PM2.5,ml,LSTM_v6,B,intersection,test,pm2_5_high_met_one_ug_m3,-,False,tabla_maestra_lstm_v6.csv,0.7566964933923002,,6144,5664,0.7566994358214969,3.847268067116246,2.7136682700471018,-0.3400345119716084,39.126164994696765,0.8766367273950953,Marginal
3,PM2.5,ml,LSTM_v6,B,own,full,pm2_5_high_met_one_ug_m3,-,False,tabla_maestra_lstm_v6.csv,0.7566964933923002,,23087,17344,0.7764090334835339,2.96219898298189,2.1139293592766863,-0.011091720697734628,37.85273317824596,0.8835106558673306,Marginal
3,PM2.5,ml,LSTM_v6,B,intersection,full,pm2_5_high_met_one_ug_m3,-,False,tabla_maestra_lstm_v6.csv,0.7566964933923002,,23087,17344,0.7764090334835339,2.96219898298189,2.1139293592766863,-0.011091720697734628,37.85273317824596,0.8835106558673306,Marginal
3,PM2.5,ml,LSTM_v6,C,own,test,pm2_5_high_met_one_ug_m3,-,False,tabla_maestra_lstm_v6.csv,0.7352315645971711,-9.324836873880749e-06,6144,5664,0.7352222397602972,4.013484978753026,2.8418478721826426,-0.002704622907995504,40.816567169995224,0.8623980356614803,Marginal
3,PM2.5,ml,LSTM_v6,C,intersection,test,pm2_5_high_met_one_ug_m3,-,False,tabla_maestra_lstm_v6.csv,0.7352315645971711,,6144,5664,0.7352222397602972,4.013484978753026,2.8418478721826426,-0.002704622907995504,40.816567169995224,0.8623980356614803,Marginal
3,PM2.5,ml,LSTM_v6,C,own,full,pm2_5_high_met_one_ug_m3,-,False,tabla_maestra_lstm_v6.csv,0.7352315645971711,,23087,17344,0.7637707302134812,3.0447662402914757,2.163503873784214,-0.07278654957684169,38.90782649849724,0.8758414367959118,Marginal
3,PM2.5,ml,LSTM_v6,C,intersection,full,pm2_5_high_met_one_ug_m3,-,False,tabla_maestra_lstm_v6.csv,0.7352315645971711,,23087,17344,0.7637707302134812,3.0447662402914757,2.163503873784214,-0.07278654957684169,38.90782649849724,0.8758414367959118,Marginal
3,CO,ols_train_only,-,-,own,test,co_mid_alphasense_ug_m3_aan803,c_hat_ols_CO,False,-,,,6328,6328,0.6470286692044525,54.81121324507098,37.37939163509738,1.3159901727421786,40.074667527188765,0.8120729955382952,Marginal
3,CO,ols_train_only,-,-,configA,test,co_mid_alphasense_ug_m3_aan803,c_hat_ols_CO,False,-,,,6271,6271,0.6464039945137124,54.87994555884267,37.363591371157185,1.1713049267035323,39.90894938490233,0.8118237112156126,Marginal
3,CO,ols_train_only,-,-,intersection,test,co_mid_alphasense_ug_m3_aan803,c_hat_ols_CO,False,-,,,6271,6271,0.6464039945137124,54.87994555884267,37.363591371157185,1.1713049267035323,39.90894938490233,0.8118237112156126,Marginal
3,CO,ols_s6_full_period,-,-,own,test,co_mid_alphasense_ug_m3_aan803,co_low_mgsv2_ug_m3_ols,False,-,,,6328,6328,0.6624521972427758,53.60031497421607,37.30064961332007,4.407283858966939,39.18933143005135,0.8184100118309698,Marginal
3,CO,ols_s6_full_period,-,-,configA,test,co_mid_alphasense_ug_m3_aan803,co_low_mgsv2_ug_m3_ols,False,-,,,6271,6271,0.6618493341090806,53.667964058799406,37.28963489845765,4.31016401329246,39.02759085132283,0.818086992774901,Marginal
3,CO,ols_s6_full_period,-,-,intersection,test,co_mid_alphasense_ug_m3_aan803,co_low_mgsv2_ug_m3_ols,False,-,,,6271,6271,0.6618493341090806,53.667964058799406,37.28963489845765,4.31016401329246,39.02759085132283,0.818086992774901,Marginal
3,CO,manufacturer_curve,-,-,own,test,co_mid_alphasense_ug_m3_aan803,co_low_mgsv2_ug_m3_curvas_fabricante,False,-,,,6328,6328,-928.6748496434103,2812.970904987386,2074.444301867739,2074.444301867739,2056.6753973679315,0.8780755657999834,Inaceptable
3,CO,manufacturer_curve,-,-,configA,test,co_mid_alphasense_ug_m3_aan803,co_low_mgsv2_ug_m3_curvas_fabricante,False,-,,,6271,6271,-934.9982196505705,2823.5631680182323,2082.798907193011,2082.798907193011,2053.308151275259,0.8786152300733878,Inaceptable
3,CO,manufacturer_curve,-,-,intersection,test,co_mid_alphasense_ug_m3_aan803,co_low_mgsv2_ug_m3_curvas_fabricante,False,-,,,6271,6271,-934.9982196505705,2823.5631680182323,2082.798907193011,2082.798907193011,2053.308151275259,0.8786152300733878,Inaceptable
3,CO,ols_train_only,-,-,own,full,co_mid_alphasense_ug_m3_aan803,c_hat_ols_CO,False,-,,,23907,23907,0.528838662912742,58.4801065624559,42.56497230371927,0.427725663754013,40.349756517495805,0.7281309621717004,Marginal
3,CO,ols_train_only,-,-,configA,full,co_mid_alphasense_ug_m3_aan803,c_hat_ols_CO,False,-,,,23773,23773,0.5273832375103218,58.567738092459564,42.633066773695504,0.4117256951932818,40.288800725328066,0.7271701553174135,Marginal
3,CO,ols_train_only,-,-,intersection,full,co_mid_alphasense_ug_m3_aan803,c_hat_ols_CO,False,-,,,23773,23773,0.5273832375103218,58.567738092459564,42.633066773695504,0.4117256951932818,40.288800725328066,0.7271701553174135,Marginal
3,CO,ols_s6_full_period,-,-,own,full,co_mid_alphasense_ug_m3_aan803,co_low_mgsv2_ug_m3_ols,False,-,,,23907,23907,0.5341167614276507,58.151627703346556,42.6733331961744,0.10179392447400791,40.123114625657735,0.7308501906138738,Marginal
3,CO,ols_s6_full_period,-,-,configA,full,co_mid_alphasense_ug_m3_aan803,co_low_mgsv2_ug_m3_ols,False,-,,,23773,23773,0.5327193862291049,58.23616571022249,42.73802304196368,0.1017983820988513,40.06071177962074,0.7298994299333027,Marginal
3,CO,ols_s6_full_period,-,-,intersection,full,co_mid_alphasense_ug_m3_aan803,co_low_mgsv2_ug_m3_ols,False,-,,,23773,23773,0.5327193862291049,58.23616571022249,42.73802304196368,0.1017983820988513,40.06071177962074,0.7298994299333027,Marginal
3,CO,manufacturer_curve,-,-,own,full,co_mid_alphasense_ug_m3_aan803,co_low_mgsv2_ug_m3_curvas_fabricante,False,-,,,23907,23907,-505.316573854628,1917.054256577553,1471.2765744081764,1471.2765744081764,1322.717707450168,0.6282907466979268,Inaceptable
3,CO,manufacturer_curve,-,-,configA,full,co_mid_alphasense_ug_m3_aan803,co_low_mgsv2_ug_m3_curvas_fabricante,False,-,,,23773,23773,-507.22496964630443,1920.577738388734,1473.2168399617017,1473.2168399617017,1321.1671869125355,0.6285740086899739,Inaceptable
3,CO,manufacturer_curve,-,-,intersection,full,co_mid_alphasense_ug_m3_aan803,co_low_mgsv2_ug_m3_curvas_fabricante,False,-,,,23773,23773,-507.22496964630443,1920.577738388734,1473.2168399617017,1473.2168399617017,1321.1671869125355,0.6285740086899739,Inaceptable
3,CO,ml,RF,A,own,test,co_mid_alphasense_ug_m3_aan803,-,False,tabla_maestra_resultados.csv,0.7524468357593538,0.0,6271,6271,0.7524468357593538,45.919192016252374,31.279141565490956,-17.779009157484513,33.392648103255034,0.9071235010288041,Marginal
3,CO,ml,RF,A,intersection,test,co_mid_alphasense_ug_m3_aan803,-,False,tabla_maestra_resultados.csv,0.7524468357593538,,6271,6271,0.7524468357593537,45.91919201625238,31.279141565490956,-17.779009157484513,33.39264810325504,0.9071235010288039,Marginal
3,CO,ml,RF,A,own,full,co_mid_alphasense_ug_m3_aan803,-,False,tabla_maestra_resultados.csv,0.7524468357593538,,23773,23773,0.9063919723363446,26.06516260933066,14.348812325007806,-4.661847705761509,17.930249253996664,0.9559670999389537,Excelente
3,CO,ml,RF,A,intersection,full,co_mid_alphasense_ug_m3_aan803,-,False,tabla_maestra_resultados.csv,0.7524468357593538,,23773,23773,0.9063919723363446,26.06516260933066,14.348812325007806,-4.661847705761508,17.930249253996664,0.9559670999389532,Excelente
3,CO,ml,LightGBM,A,own,test,co_mid_alphasense_ug_m3_aan803,-,False,tabla_maestra_resultados.csv,0.6742869994303275,0.0,6271,6271,0.6742869994303275,52.67172521051968,39.67823742821701,-29.07358093477607,38.30312136859276,0.8859724018522604,Marginal
3,CO,ml,LightGBM,A,intersection,test,co_mid_alphasense_ug_m3_aan803,-,False,tabla_maestra_resultados.csv,0.6742869994303275,,6271,6271,0.6742869994303275,52.67172521051968,39.67823742821701,-29.07358093477607,38.30312136859276,0.8859724018522604,Marginal
3,CO,ml,LightGBM,A,own,full,co_mid_alphasense_ug_m3_aan803,-,False,tabla_maestra_resultados.csv,0.6742869994303275,,23773,23773,0.756010312399478,42.08134640867206,30.881334590817723,-8.858608054212604,28.94779677227739,0.8764973930408972,Aceptable
3,CO,ml,LightGBM,A,intersection,full,co_mid_alphasense_ug_m3_aan803,-,False,tabla_maestra_resultados.csv,0.6742869994303275,,23773,23773,0.756010312399478,42.08134640867206,30.881334590817723,-8.858608054212604,28.94779677227739,0.8764973930408972,Aceptable
3,CO,ml,DNN,A,own,test,co_mid_alphasense_ug_m3_aan803,-,False,tabla_maestra_resultados.csv,0.6823522315153052,6.649037986861117e-10,6271,6271,0.682352232180209,52.01551475084881,36.557341585809176,-25.156316895182208,37.825922097453386,0.8892403292600048,Marginal
3,CO,ml,DNN,A,intersection,test,co_mid_alphasense_ug_m3_aan803,-,False,tabla_maestra_resultados.csv,0.6823522315153052,,6271,6271,0.682352232180209,52.01551475084881,36.557341585809176,-25.156316895182208,37.825922097453386,0.8892403292600048,Marginal
3,CO,ml,DNN,A,own,full,co_mid_alphasense_ug_m3_aan803,-,False,tabla_maestra_resultados.csv,0.6823522315153052,,23773,23773,0.6684607872217594,49.0536516069174,36.084415136715855,-10.024671339670924,33.744051909957726,0.8277931955871047,Marginal
3,CO,ml,DNN,A,intersection,full,co_mid_alphasense_ug_m3_aan803,-,False,tabla_maestra_resultados.csv,0.6823522315153052,,23773,23773,0.6684607872217594,49.0536516069174,36.084415136715855,-10.024671339670924,33.744051909957726,0.8277931955871047,Marginal
3,CO,ml,RF,B,own,test,co_mid_alphasense_ug_m3_aan803,-,False,tabla_maestra_resultados.csv,0.776520597276416,0.0,6271,6271,0.776520597276416,43.62935049655503,29.42481337109581,-10.943889402929123,31.727464794881204,0.8953461024103249,Marginal
3,CO,ml,RF,B,intersection,test,co_mid_alphasense_ug_m3_aan803,-,False,tabla_maestra_resultados.csv,0.776520597276416,,6271,6271,0.776520597276416,43.62935049655503,29.42481337109581,-10.943889402929123,31.727464794881204,0.895346102410325,Marginal
3,CO,ml,RF,B,own,full,co_mid_alphasense_ug_m3_aan803,-,False,tabla_maestra_resultados.csv,0.776520597276416,,23773,23773,0.9156235506410445,24.746541636776723,13.604374417841507,-2.828537745355665,17.023168678141136,0.9589568497620325,Excelente
3,CO,ml,RF,B,intersection,full,co_mid_alphasense_ug_m3_aan803,-,False,tabla_maestra_resultados.csv,0.776520597276416,,23773,23773,0.9156235506410445,24.746541636776723,13.604374417841507,-2.8285377453556646,17.023168678141136,0.9589568497620325,Excelente
3,CO,ml,LightGBM,B,own,test,co_mid_alphasense_ug_m3_aan803,-,False,tabla_maestra_resultados.csv,0.7474666796352512,0.0,6271,6271,0.7474666796352512,46.37878224007634,32.31734219485036,-8.807034354791215,33.726864232546205,0.8702234534347922,Marginal
3,CO,ml,LightGBM,B,intersection,test,co_mid_alphasense_ug_m3_aan803,-,False,tabla_maestra_resultados.csv,0.7474666796352512,,6271,6271,0.7474666796352512,46.37878224007634,32.31734219485036,-8.807034354791215,33.726864232546205,0.8702234534347922,Marginal
3,CO,ml,LightGBM,B,own,full,co_mid_alphasense_ug_m3_aan803,-,False,tabla_maestra_resultados.csv,0.7474666796352512,,23773,23773,0.7934019188791313,38.72282496141091,27.808319527145603,-2.17596346637892,26.63746678980764,0.8916415770612734,Aceptable
3,CO,ml,LightGBM,B,intersection,full,co_mid_alphasense_ug_m3_aan803,-,False,tabla_maestra_resultados.csv,0.7474666796352512,,23773,23773,0.7934019188791313,38.72282496141091,27.808319527145603,-2.17596346637892,26.63746678980764,0.8916415770612734,Aceptable
3,CO,ml,DNN,B,own,test,co_mid_alphasense_ug_m3_aan803,-,False,tabla_maestra_resultados.csv,0.8154375065991974,2.5032109718381435e-10,6271,6271,0.8154375068495185,39.648952759381125,27.420110660940814,2.169484339183995,28.83290121237311,0.9059307340630657,Aceptable
3,CO,ml,DNN,B,intersection,test,co_mid_alphasense_ug_m3_aan803,-,False,tabla_maestra_resultados.csv,0.8154375065991974,,6271,6271,0.8154375068495185,39.648952759381125,27.420110660940814,2.169484339183995,28.83290121237311,0.9059307340630657,Aceptable
3,CO,ml,DNN,B,own,full,co_mid_alphasense_ug_m3_aan803,-,False,tabla_maestra_resultados.csv,0.8154375065991974,,23773,23773,0.766142422275921,41.19833026620927,30.055085709667562,-0.7184960982699881,28.34036915837895,0.876056027470503,Aceptable
3,CO,ml,DNN,B,intersection,full,co_mid_alphasense_ug_m3_aan803,-,False,tabla_maestra_resultados.csv,0.8154375065991974,,23773,23773,0.766142422275921,41.19833026620927,30.055085709667562,-0.7184960982699881,28.34036915837895,0.876056027470503,Aceptable
3,CO,ml,RF,C,own,test,co_mid_alphasense_ug_m3_aan803,-,False,tabla_maestra_resultados.csv,0.7218378028074851,-1.1102230246251565e-16,6328,6328,0.721837802807485,48.657383689965684,33.86876397099384,4.860517118267099,35.575356914647095,0.8519562806014601,Marginal
3,CO,ml,RF,C,intersection,test,co_mid_alphasense_ug_m3_aan803,-,False,tabla_maestra_resultados.csv,0.7218378028074851,,6271,6271,0.7214253177186462,48.71142322009244,33.84223559522969,4.617405210999868,35.42317150575216,0.8514888837214488,Marginal
3,CO,ml,RF,C,own,full,co_mid_alphasense_ug_m3_aan803,-,False,tabla_maestra_resultados.csv,0.7218378028074851,,23907,23907,0.7053833527990385,46.24363599072115,33.99174298864076,1.388147241778356,31.906909244710928,0.8417015937473118,Marginal
3,CO,ml,RF,C,intersection,full,co_mid_alphasense_ug_m3_aan803,-,False,tabla_maestra_resultados.csv,0.7218378028074851,,23773,23773,0.7046349271863614,46.30026326663933,34.02269971869394,1.2858311505466238,31.849993546532772,0.8411826136569123,Marginal
3,CO,ml,LightGBM,C,own,test,co_mid_alphasense_ug_m3_aan803,-,False,tabla_maestra_resultados.csv,0.6957888483737076,0.0,6328,6328,0.6957888483737076,50.88470536487709,36.33680521924816,6.927055491249223,37.20384076518844,0.8426029455459019,Marginal
3,CO,ml,LightGBM,C,intersection,test,co_mid_alphasense_ug_m3_aan803,-,False,tabla_maestra_resultados.csv,0.6957888483737076,,6271,6271,0.6959356073475222,50.89121029409545,36.26140870103616,6.623481977950688,37.00832271391026,0.842217654648398,Marginal
3,CO,ml,LightGBM,C,own,full,co_mid_alphasense_ug_m3_aan803,-,False,tabla_maestra_resultados.csv,0.6957888483737076,,23907,23907,0.7253527559524157,44.64891968432106,32.823149282723115,4.251398974631427,30.80659636123485,0.8635857006611822,Marginal
3,CO,ml,LightGBM,C,intersection,full,co_mid_alphasense_ug_m3_aan803,-,False,tabla_maestra_resultados.csv,0.6957888483737076,,23773,23773,0.7249686479279136,44.678130593864246,32.8233256630726,4.1157860766666206,30.7341269938531,0.8631512364004564,Marginal
3,CO,ml,DNN,C,own,test,co_mid_alphasense_ug_m3_aan803,-,False,tabla_maestra_resultados.csv,0.7630453863021901,2.476083893476755e-09,6328,6328,0.763045388778274,44.90888592175927,30.757544650230546,8.155185225180244,32.83468045642638,0.8952438311254096,Marginal
3,CO,ml,DNN,C,intersection,test,co_mid_alphasense_ug_m3_aan803,-,False,tabla_maestra_resultados.csv,0.7630453863021901,,6271,6271,0.762786338096715,44.950015485628825,30.72684784990714,7.948633395425334,32.68785846267096,0.8947521260878879,Marginal
3,CO,ml,DNN,C,own,full,co_mid_alphasense_ug_m3_aan803,-,False,tabla_maestra_resultados.csv,0.7630453863021901,,23907,23907,0.7007504260146193,46.605814572586354,33.33130683760808,-3.333137467230123,32.15680307105862,0.8431118338659523,Marginal
3,CO,ml,DNN,C,intersection,full,co_mid_alphasense_ug_m3_aan803,-,False,tabla_maestra_resultados.csv,0.7630453863021901,,23773,23773,0.6998236077511188,46.67584168268243,33.3796564080325,-3.434311923089072,32.10835428323746,0.8425502750433776,Marginal
3,CO,ml,XGBoost,A,own,test,co_mid_alphasense_ug_m3_aan803,-,False,tabla_maestra_resultados.csv,0.7580322242977069,0.0,6271,6271,0.7580322242977069,45.39821349452579,31.422230510512627,-17.651626251934925,33.013790120753676,0.9019711643512761,Marginal
3,CO,ml,XGBoost,A,intersection,test,co_mid_alphasense_ug_m3_aan803,-,False,tabla_maestra_resultados.csv,0.7580322242977069,,6271,6271,0.7580322242977069,45.39821349452579,31.422230510512627,-17.651626251934925,33.013790120753676,0.9019711643512761,Marginal
3,CO,ml,XGBoost,A,own,full,co_mid_alphasense_ug_m3_aan803,-,False,tabla_maestra_resultados.csv,0.7580322242977069,,23773,23773,0.7897068962972389,39.06757069409844,28.06349560357277,-4.626716630985387,26.874617695366403,0.8926763965823113,Aceptable
3,CO,ml,XGBoost,A,intersection,full,co_mid_alphasense_ug_m3_aan803,-,False,tabla_maestra_resultados.csv,0.7580322242977069,,23773,23773,0.7897068962972389,39.06757069409844,28.06349560357277,-4.626716630985387,26.874617695366403,0.8926763965823113,Aceptable
3,CO,ml,LSTM,A,own,test,co_mid_alphasense_ug_m3_aan803,-,False,tabla_maestra_resultados.csv,0.3473835538733794,-1.4461463138104591e-08,6271,5263,0.34738353941191624,72.9036119642293,53.723097604603765,-48.93293698022318,51.02193912038317,0.8049828979023527,Inaceptable
3,CO,ml,LSTM,A,intersection,test,co_mid_alphasense_ug_m3_aan803,-,False,tabla_maestra_resultados.csv,0.3473835538733794,,6271,5263,0.34738353941191624,72.9036119642293,53.723097604603765,-48.93293698022318,51.02193912038317,0.8049828979023527,Inaceptable
3,CO,ml,LSTM,A,own,full,co_mid_alphasense_ug_m3_aan803,-,False,tabla_maestra_resultados.csv,0.3473835538733794,,23773,13888,0.6026364020765054,52.35219435038535,35.39926796914868,-17.723413471869474,37.82533988003502,0.8060619480183108,Marginal
3,CO,ml,LSTM,A,intersection,full,co_mid_alphasense_ug_m3_aan803,-,False,tabla_maestra_resultados.csv,0.3473835538733794,,23773,13888,0.6026364020765054,52.35219435038535,35.39926796914868,-17.723413471869474,37.82533988003502,0.8060619480183108,Marginal
3,CO,ml,XGBoost,B,own,test,co_mid_alphasense_ug_m3_aan803,-,False,tabla_maestra_resultados.csv,0.7918024765236453,0.0,6271,6271,0.7918024765236453,42.111215431422785,27.922383317582263,-2.955576157011679,30.623469977524,0.8951984095096798,Marginal
3,CO,ml,XGBoost,B,intersection,test,co_mid_alphasense_ug_m3_aan803,-,False,tabla_maestra_resultados.csv,0.7918024765236453,,6271,6271,0.7918024765236453,42.111215431422785,27.922383317582263,-2.955576157011679,30.623469977524,0.8951984095096798,Marginal
3,CO,ml,XGBoost,B,own,full,co_mid_alphasense_ug_m3_aan803,-,False,tabla_maestra_resultados.csv,0.7918024765236453,,23773,23773,0.8161587150280818,36.52795967853654,25.851697903420607,-0.6994609643077171,25.12761694959243,0.9054355686949702,Aceptable
3,CO,ml,XGBoost,B,intersection,full,co_mid_alphasense_ug_m3_aan803,-,False,tabla_maestra_resultados.csv,0.7918024765236453,,23773,23773,0.8161587150280818,36.52795967853654,25.851697903420607,-0.6994609643077171,25.12761694959243,0.9054355686949702,Aceptable
3,CO,ml,LSTM,B,own,test,co_mid_alphasense_ug_m3_aan803,-,False,tabla_maestra_resultados.csv,0.4560631385633545,-1.948144590091516e-09,6271,5263,0.4560631366152099,66.55708305371277,50.98567368945623,-43.753317885834086,46.58029071677586,0.8408236692606964,Marginal
3,CO,ml,LSTM,B,intersection,test,co_mid_alphasense_ug_m3_aan803,-,False,tabla_maestra_resultados.csv,0.4560631385633545,,6271,5263,0.4560631366152099,66.55708305371277,50.98567368945623,-43.753317885834086,46.58029071677586,0.8408236692606964,Marginal
3,CO,ml,LSTM,B,own,full,co_mid_alphasense_ug_m3_aan803,-,False,tabla_maestra_resultados.csv,0.4560631385633545,,23773,13888,0.6658667650347325,48.00657117155394,33.16166204791766,-19.480106737343263,34.68555413142395,0.8493276965135297,Marginal
3,CO,ml,LSTM,B,intersection,full,co_mid_alphasense_ug_m3_aan803,-,False,tabla_maestra_resultados.csv,0.4560631385633545,,23773,13888,0.6658667650347325,48.00657117155394,33.16166204791766,-19.480106737343263,34.68555413142395,0.8493276965135297,Marginal
3,CO,ml,XGBoost,C,own,test,co_mid_alphasense_ug_m3_aan803,-,False,tabla_maestra_resultados.csv,0.7164313168549655,0.0,6328,6328,0.7164313168549655,49.127971485298055,33.645682409873295,-2.0125362326085825,35.9194224502151,0.8480369089542845,Marginal
3,CO,ml,XGBoost,C,intersection,test,co_mid_alphasense_ug_m3_aan803,-,False,tabla_maestra_resultados.csv,0.7164313168549655,,6271,6271,0.7158753285127375,49.19426429770933,33.64033665612586,-2.2749464450362984,35.77429576309864,0.8477010915818056,Marginal
3,CO,ml,XGBoost,C,own,full,co_mid_alphasense_ug_m3_aan803,-,False,tabla_maestra_resultados.csv,0.7164313168549655,,23907,23907,0.7141542501892691,45.550086087878576,33.06428676269981,-0.417591383003927,31.4283778028685,0.8482276715403055,Marginal
3,CO,ml,XGBoost,C,intersection,full,co_mid_alphasense_ug_m3_aan803,-,False,tabla_maestra_resultados.csv,0.7164313168549655,,23773,23773,0.7133917114313765,45.60875992749877,33.098452108836426,-0.5253345188453821,31.374307765607597,0.8477201606901444,Marginal
3,CO,ml,LSTM,C,own,test,co_mid_alphasense_ug_m3_aan803,-,False,tabla_maestra_resultados.csv,0.730090274119011,1.4934939951416482e-09,6328,5765,0.730090275612505,46.46689151214224,31.309281600353213,-10.268405145199994,34.044851266461926,0.868353409282841,Marginal
3,CO,ml,LSTM,C,intersection,test,co_mid_alphasense_ug_m3_aan803,-,False,tabla_maestra_resultados.csv,0.730090274119011,,6271,5263,0.7283406754671484,47.03621232894603,31.095078854103022,-13.394549076962932,32.91851661723454,0.8715312745684807,Marginal
3,CO,ml,LSTM,C,own,full,co_mid_alphasense_ug_m3_aan803,-,False,tabla_maestra_resultados.csv,0.730090274119011,,23907,14580,0.7707674040271346,39.62025420078136,27.234648231109215,-5.820360617878172,29.258226897521354,0.8858933384490503,Aceptable
3,CO,ml,LSTM,C,intersection,full,co_mid_alphasense_ug_m3_aan803,-,False,tabla_maestra_resultados.csv,0.730090274119011,,23773,13888,0.7702591580781813,39.80704634160027,27.180839201173043,-6.913367213774524,28.76125969837693,0.8864358927448092,Aceptable
3,CO,ml,LSTM_v6,A,own,test,co_mid_alphasense_ug_m3_aan803,-,False,tabla_maestra_lstm_v6.csv,0.4670700043303539,-6.310246366797445e-05,6271,5263,0.4670069018666859,65.88413168448369,49.91378830932379,-46.07414400477735,46.109322504547485,0.8722037241672922,Marginal
3,CO,ml,LSTM_v6,A,intersection,test,co_mid_alphasense_ug_m3_aan803,-,False,tabla_maestra_lstm_v6.csv,0.4670700043303539,,6271,5263,0.4670069018666859,65.88413168448369,49.91378830932379,-46.07414400477735,46.109322504547485,0.8722037241672922,Marginal
3,CO,ml,LSTM_v6,A,own,full,co_mid_alphasense_ug_m3_aan803,-,False,tabla_maestra_lstm_v6.csv,0.4670700043303539,,23773,13888,0.6549099272195241,48.787333631009375,32.83020217064909,-20.74188045807025,35.24966812436982,0.8481242518791803,Marginal
3,CO,ml,LSTM_v6,A,intersection,full,co_mid_alphasense_ug_m3_aan803,-,False,tabla_maestra_lstm_v6.csv,0.4670700043303539,,23773,13888,0.6549099272195241,48.787333631009375,32.83020217064909,-20.74188045807025,35.24966812436982,0.8481242518791803,Marginal
3,CO,ml,LSTM_v6,B,own,test,co_mid_alphasense_ug_m3_aan803,-,False,tabla_maestra_lstm_v6.csv,0.8344571331831266,-5.260176307420039e-06,6271,5263,0.8344518730068192,36.718266506129815,24.71325996730443,-4.323728053826076,25.697453223593037,0.9148814774682732,Aceptable
3,CO,ml,LSTM_v6,B,intersection,test,co_mid_alphasense_ug_m3_aan803,-,False,tabla_maestra_lstm_v6.csv,0.8344571331831266,,6271,5263,0.8344518730068192,36.718266506129815,24.71325996730443,-4.323728053826076,25.697453223593037,0.9148814774682732,Aceptable
3,CO,ml,LSTM_v6,B,own,full,co_mid_alphasense_ug_m3_aan803,-,False,tabla_maestra_lstm_v6.csv,0.8344571331831266,,23773,13888,0.8918460779603846,27.31253348812879,17.573076186577815,0.33383912836166174,19.73376426705035,0.9444038172714557,Excelente
3,CO,ml,LSTM_v6,B,intersection,full,co_mid_alphasense_ug_m3_aan803,-,False,tabla_maestra_lstm_v6.csv,0.8344571331831266,,23773,13888,0.8918460779603846,27.31253348812879,17.573076186577815,0.33383912836166174,19.73376426705035,0.9444038172714557,Excelente
3,CO,ml,LSTM_v6,C,own,test,co_mid_alphasense_ug_m3_aan803,-,False,tabla_maestra_lstm_v6.csv,0.6575222455753422,-4.2429372690833134e-05,6328,5765,0.6574798162026514,52.34526934851395,34.210128709681314,-16.189776024188824,38.35175651909854,0.8381989132450384,Marginal
3,CO,ml,LSTM_v6,C,intersection,test,co_mid_alphasense_ug_m3_aan803,-,False,tabla_maestra_lstm_v6.csv,0.6575222455753422,,6271,5263,0.6516436034915509,53.26377320925791,34.16529804959613,-19.334234848121547,37.27690467981304,0.8421839786122858,Marginal
3,CO,ml,LSTM_v6,C,own,full,co_mid_alphasense_ug_m3_aan803,-,False,tabla_maestra_lstm_v6.csv,0.6575222455753422,,23907,14580,0.7957797058063147,37.39629009063711,23.230405296932258,-7.1844836878729055,27.615904104315714,0.8991164896022332,Aceptable
3,CO,ml,LSTM_v6,C,intersection,full,co_mid_alphasense_ug_m3_aan803,-,False,tabla_maestra_lstm_v6.csv,0.6575222455753422,,23773,13888,0.7968066291257091,37.436532648938666,22.949320563225736,-8.225094532567098,27.048523733288544,0.9008731097002477,Aceptable
3,NO2,ols_train_only,-,-,own,test,no2_high_met_one_ug_m3,c_hat_ols_NO2,False,-,,,5177,5177,0.33076052552363977,8.640907803270398,6.4122896953765585,-3.4180707571820683,44.81011207795129,0.6782605964098765,Inaceptable
3,NO2,ols_train_only,-,-,configA,test,no2_high_met_one_ug_m3,c_hat_ols_NO2,False,-,,,5174,5174,0.3304278419353782,8.643052213041958,6.414235349128371,-3.4207539867065226,44.80782683959465,0.6781886735062785,Inaceptable
3,NO2,ols_train_only,-,-,intersection,test,no2_high_met_one_ug_m3,c_hat_ols_NO2,False,-,,,5174,5174,0.3304278419353782,8.643052213041958,6.414235349128371,-3.4207539867065226,44.80782683959465,0.6781886735062785,Inaceptable
3,NO2,ols_s6_full_period,-,-,own,test,no2_high_met_one_ug_m3,no2_low_mgsv2_ug_m3_ols,False,-,,,5177,5177,-0.519500119248895,13.020239287529543,7.117677056900201,1.5743787104786375,67.52049611443887,0.6656428010193628,Inaceptable
3,NO2,ols_s6_full_period,-,-,configA,test,no2_high_met_one_ug_m3,no2_low_mgsv2_ug_m3_ols,False,-,,,5174,5174,-0.520332712391089,13.023801349048945,7.120299559729697,1.5744370549681943,67.51876782149799,0.6655742008796894,Inaceptable
3,NO2,ols_s6_full_period,-,-,intersection,test,no2_high_met_one_ug_m3,no2_low_mgsv2_ug_m3_ols,False,-,,,5174,5174,-0.520332712391089,13.023801349048945,7.120299559729697,1.5744370549681943,67.51876782149799,0.6655742008796894,Inaceptable
3,NO2,manufacturer_curve,-,-,own,test,no2_high_met_one_ug_m3,no2_low_mgsv2_ug_m3_curvas_fabricante,False,-,,,5177,5177,-1067142.0112866561,10911.385729626614,7872.166718317321,7870.321829480382,56584.380785231086,0.7924513277648665,Inaceptable
3,NO2,manufacturer_curve,-,-,configA,test,no2_high_met_one_ug_m3,no2_low_mgsv2_ug_m3_curvas_fabricante,False,-,,,5174,5174,-1067531.2929091956,10913.371870380573,7873.750812550314,7871.904854005892,56577.75343138981,0.792488646429022,Inaceptable
3,NO2,manufacturer_curve,-,-,intersection,test,no2_high_met_one_ug_m3,no2_low_mgsv2_ug_m3_curvas_fabricante,False,-,,,5174,5174,-1067531.2929091956,10913.371870380573,7873.750812550314,7871.904854005892,56577.75343138981,0.792488646429022,Inaceptable
3,NO2,ols_train_only,-,-,own,full,no2_high_met_one_ug_m3,c_hat_ols_NO2,False,-,,,23368,23368,0.3784462613617646,7.861507704707635,6.012393059820033,-0.7527125711943158,45.53473731837881,0.6222153101530499,Inaceptable
3,NO2,ols_train_only,-,-,configA,full,no2_high_met_one_ug_m3,c_hat_ols_NO2,False,-,,,23446,23365,0.37839949011230567,7.861924666608924,6.012772564318436,-0.7529645273253478,45.5344665114223,0.6221833544996809,Inaceptable
3,NO2,ols_train_only,-,-,intersection,full,no2_high_met_one_ug_m3,c_hat_ols_NO2,False,-,,,23365,23365,0.37839949011230567,7.861924666608924,6.012772564318436,-0.7529645273253478,45.5344665114223,0.6221833544996809,Inaceptable
3,NO2,ols_s6_full_period,-,-,own,full,no2_high_met_one_ug_m3,no2_low_mgsv2_ug_m3_ols,False,-,,,23368,23368,-0.0919893727290435,10.420191700571541,6.452836405197207,1.3350719860479847,60.35492296325642,0.6183745922033185,Inaceptable
3,NO2,ols_s6_full_period,-,-,configA,full,no2_high_met_one_ug_m3,no2_low_mgsv2_ug_m3_ols,False,-,,,23446,23365,-0.09208360989099207,10.420801939490127,6.453331774667985,1.3350541796801556,60.35489744021496,0.6183546910952625,Inaceptable
3,NO2,ols_s6_full_period,-,-,intersection,full,no2_high_met_one_ug_m3,no2_low_mgsv2_ug_m3_ols,False,-,,,23365,23365,-0.09208360989099207,10.420801939490127,6.453331774667985,1.3350541796801556,60.35489744021496,0.6183546910952625,Inaceptable
3,NO2,manufacturer_curve,-,-,own,full,no2_high_met_one_ug_m3,no2_low_mgsv2_ug_m3_curvas_fabricante,False,-,,,23368,23368,-1365242.507685023,11651.224294771228,9175.289936715024,9174.189265783285,67485.20228279183,0.580664866036912,Inaceptable
3,NO2,manufacturer_curve,-,-,configA,full,no2_high_met_one_ug_m3,no2_low_mgsv2_ug_m3_curvas_fabricante,False,-,,,23446,23365,-1365318.5076156277,11651.728186443457,9175.808039570436,9174.707227315657,67484.14025883166,0.5806365695495516,Inaceptable
3,NO2,manufacturer_curve,-,-,intersection,full,no2_high_met_one_ug_m3,no2_low_mgsv2_ug_m3_curvas_fabricante,False,-,,,23365,23365,-1365318.5076156277,11651.728186443457,9175.808039570436,9174.707227315657,67484.14025883166,0.5806365695495516,Inaceptable
3,NO2,ml,RF,A,own,test,no2_high_met_one_ug_m3,-,False,tabla_maestra_resultados.csv,0.5451589244595302,0.0,5174,5174,0.5451589244595302,7.123579610409414,5.349992500966372,-4.018542829532275,36.93048633671867,0.8400313834686027,Marginal
3,NO2,ml,RF,A,intersection,test,no2_high_met_one_ug_m3,-,False,tabla_maestra_resultados.csv,0.5451589244595302,,5174,5174,0.5451589244595302,7.123579610409414,5.349992500966371,-4.018542829532275,36.93048633671867,0.8400313834686031,Marginal
3,NO2,ml,RF,A,own,full,no2_high_met_one_ug_m3,-,False,tabla_maestra_resultados.csv,0.5451589244595302,,23446,23446,0.8779593960178769,3.485891522249115,1.7776349441269306,-0.88063065341636,20.231938315313123,0.94224431830907,Aceptable
3,NO2,ml,RF,A,intersection,full,no2_high_met_one_ug_m3,-,False,tabla_maestra_resultados.csv,0.5451589244595302,,23365,23365,0.8773854339571509,3.491758747138936,1.782383013053713,-0.8842202311149144,20.22346670565887,0.9419715906641417,Aceptable
3,NO2,ml,LightGBM,A,own,test,no2_high_met_one_ug_m3,-,False,tabla_maestra_resultados.csv,0.1031312873061706,0.0,5174,5174,0.1031312873061706,10.003060148132745,8.239694404200744,-7.544968387265477,51.85846110095761,0.7876230223020959,Inaceptable
3,NO2,ml,LightGBM,A,intersection,test,no2_high_met_one_ug_m3,-,False,tabla_maestra_resultados.csv,0.1031312873061706,,5174,5174,0.1031312873061706,10.003060148132745,8.239694404200744,-7.544968387265477,51.85846110095761,0.7876230223020959,Inaceptable
3,NO2,ml,LightGBM,A,own,full,no2_high_met_one_ug_m3,-,False,tabla_maestra_resultados.csv,0.1031312873061706,,23446,23446,0.5938936524460372,6.358893960198378,4.640694894725551,-2.2634103016197225,36.90669934368564,0.804926442211669,Marginal
3,NO2,ml,LightGBM,A,intersection,full,no2_high_met_one_ug_m3,-,False,tabla_maestra_resultados.csv,0.1031312873061706,,23365,23365,0.5923617267049963,6.3666455738434236,4.646100076672275,-2.280831806296318,36.874152572783615,0.8046042773417269,Marginal
3,NO2,ml,DNN,A,own,test,no2_high_met_one_ug_m3,-,False,tabla_maestra_resultados.csv,0.5790589144631342,9.665431011107728e-09,5174,5174,0.5790589241285652,6.852974197409998,5.282255144675911,-0.242250670066984,35.5275976130756,0.7853655321009045,Marginal
3,NO2,ml,DNN,A,intersection,test,no2_high_met_one_ug_m3,-,False,tabla_maestra_resultados.csv,0.5790589144631342,,5174,5174,0.5790589241285652,6.852974197409998,5.282255144675911,-0.242250670066984,35.5275976130756,0.7853655321009045,Marginal
3,NO2,ml,DNN,A,own,full,no2_high_met_one_ug_m3,-,False,tabla_maestra_resultados.csv,0.5790589144631342,,23446,23446,0.6725786611099073,5.709724899981592,4.286594140195077,-0.19377735605380594,33.13895490910217,0.8204939882971946,Marginal
3,NO2,ml,DNN,A,intersection,full,no2_high_met_one_ug_m3,-,False,tabla_maestra_resultados.csv,0.5790589144631342,,23365,23365,0.6725801704626577,5.705920101911782,4.280346117213531,-0.21474349444973212,33.04738201077416,0.8205757128541845,Marginal
3,NO2,ml,RF,B,own,test,no2_high_met_one_ug_m3,-,False,tabla_maestra_resultados.csv,0.5772140857557773,0.0,5174,5174,0.5772140857557773,6.867974881234764,5.214895448119725,-3.677536662981275,35.60536505294844,0.8425599527894989,Marginal
3,NO2,ml,RF,B,intersection,test,no2_high_met_one_ug_m3,-,False,tabla_maestra_resultados.csv,0.5772140857557773,,5174,5174,0.5772140857557773,6.867974881234764,5.214895448119724,-3.677536662981275,35.60536505294844,0.8425599527894989,Marginal
3,NO2,ml,RF,B,own,full,no2_high_met_one_ug_m3,-,False,tabla_maestra_resultados.csv,0.5772140857557773,,23365,23365,0.8832481632252213,3.407258298311013,1.827370174083383,-0.8142572658543094,19.734059464999714,0.9447899913956134,Excelente
3,NO2,ml,RF,B,intersection,full,no2_high_met_one_ug_m3,-,False,tabla_maestra_resultados.csv,0.5772140857557773,,23365,23365,0.8832481632252213,3.407258298311013,1.827370174083383,-0.8142572658543094,19.734059464999714,0.9447899913956134,Excelente
3,NO2,ml,LightGBM,B,own,test,no2_high_met_one_ug_m3,-,False,tabla_maestra_resultados.csv,0.2464768528688543,5.551115123125783e-17,5174,5174,0.24647685286885435,9.168889570353262,6.979846829877495,-5.75135145361373,47.53390423348584,0.7405328304175703,Inaceptable
3,NO2,ml,LightGBM,B,intersection,test,no2_high_met_one_ug_m3,-,False,tabla_maestra_resultados.csv,0.2464768528688543,,5174,5174,0.24647685286885435,9.168889570353262,6.979846829877495,-5.75135145361373,47.53390423348584,0.7405328304175703,Inaceptable
3,NO2,ml,LightGBM,B,own,full,no2_high_met_one_ug_m3,-,False,tabla_maestra_resultados.csv,0.2464768528688543,,23365,23365,0.502820774363926,7.031203762263563,5.26946534001285,-1.844390333721902,40.723121350623664,0.7453053156779385,Marginal
3,NO2,ml,LightGBM,B,intersection,full,no2_high_met_one_ug_m3,-,False,tabla_maestra_resultados.csv,0.2464768528688543,,23365,23365,0.502820774363926,7.031203762263563,5.26946534001285,-1.844390333721902,40.723121350623664,0.7453053156779385,Marginal
3,NO2,ml,DNN,B,own,test,no2_high_met_one_ug_m3,-,False,tabla_maestra_resultados.csv,0.498782322864141,4.020403454596533e-10,5174,5174,0.4987823232661813,7.477934087010083,5.75949929568774,-2.8274909668647052,38.767551951502185,0.7576845901703452,Marginal
3,NO2,ml,DNN,B,intersection,test,no2_high_met_one_ug_m3,-,False,tabla_maestra_resultados.csv,0.498782322864141,,5174,5174,0.4987823232661813,7.477934087010083,5.75949929568774,-2.8274909668647052,38.767551951502185,0.7576845901703452,Marginal
3,NO2,ml,DNN,B,own,full,no2_high_met_one_ug_m3,-,False,tabla_maestra_resultados.csv,0.498782322864141,,23365,23365,0.6452746799258406,5.939081591398089,4.405026378186693,-1.263649604743486,34.397799940859336,0.8168930158958893,Marginal
3,NO2,ml,DNN,B,intersection,full,no2_high_met_one_ug_m3,-,False,tabla_maestra_resultados.csv,0.498782322864141,,23365,23365,0.6452746799258406,5.939081591398089,4.405026378186693,-1.263649604743486,34.397799940859336,0.8168930158958893,Marginal
3,NO2,ml,RF,C,own,test,no2_high_met_one_ug_m3,-,False,tabla_maestra_resultados.csv,0.5403884627633071,0.0,5177,5177,0.5403884627633071,7.16084144179042,5.449381195369609,-3.1402193763243713,37.13476811517668,0.7929553109793764,Marginal
3,NO2,ml,RF,C,intersection,test,no2_high_met_one_ug_m3,-,False,tabla_maestra_resultados.csv,0.5403884627633071,,5174,5174,0.5402704022875955,7.161758557767369,5.44961843674729,-3.140784069387481,37.12841591298015,0.7929009246835031,Marginal
3,NO2,ml,RF,C,own,full,no2_high_met_one_ug_m3,-,False,tabla_maestra_resultados.csv,0.5403884627633071,,23368,23368,0.838800355656213,4.003580289852509,2.570116902985318,-0.6839262776614902,23.18918758068591,0.9205631582597772,Aceptable
3,NO2,ml,RF,C,intersection,full,no2_high_met_one_ug_m3,-,False,tabla_maestra_resultados.csv,0.5403884627633071,,23365,23365,0.8388215878392402,4.00337832565825,2.569799748866378,-0.6837359435126581,23.1866500930067,0.9205758814612366,Aceptable
3,NO2,ml,LightGBM,C,own,test,no2_high_met_one_ug_m3,-,False,tabla_maestra_resultados.csv,0.2275205406343213,5.551115123125783e-17,5177,5177,0.22752054063432137,9.28350694486779,7.090268112332241,-5.567273293796193,48.14250957735246,0.7140600015930427,Inaceptable
3,NO2,ml,LightGBM,C,intersection,test,no2_high_met_one_ug_m3,-,False,tabla_maestra_resultados.csv,0.2275205406343213,,5174,5174,0.22713786665808489,9.285802832734653,7.092641280610299,-5.5705053271693465,48.14001294218167,0.7140022138964953,Inaceptable
3,NO2,ml,LightGBM,C,own,full,no2_high_met_one_ug_m3,-,False,tabla_maestra_resultados.csv,0.2275205406343213,,23368,23368,0.45662253309426826,7.350507334872976,5.5678495198882185,-1.900995961671229,42.574965671003575,0.7130177975282532,Marginal
3,NO2,ml,LightGBM,C,intersection,full,no2_high_met_one_ug_m3,-,False,tabla_maestra_resultados.csv,0.2275205406343213,,23365,23365,0.4565858596736171,7.350868684613504,5.568179565550249,-1.9012409310132503,42.574547346021575,0.7129959928356961,Marginal
3,NO2,ml,DNN,C,own,test,no2_high_met_one_ug_m3,-,False,tabla_maestra_resultados.csv,0.347327161858079,2.6787986273646425e-09,5177,5177,0.3473271645368776,8.533287252293,6.82551548951193,-5.960601165641429,44.25201227397434,0.8159577550730497,Inaceptable
3,NO2,ml,DNN,C,intersection,test,no2_high_met_one_ug_m3,-,False,tabla_maestra_resultados.csv,0.347327161858079,,5174,5174,0.34706127302202316,8.53502224467701,6.827371676695315,-5.962509226808227,44.24777143362599,0.8159194496218455,Inaceptable
3,NO2,ml,DNN,C,own,full,no2_high_met_one_ug_m3,-,False,tabla_maestra_resultados.csv,0.347327161858079,,23368,23368,0.5385844141681511,6.773492167301927,5.167823597374578,-1.622872354062156,39.23282888618118,0.7543830205901485,Marginal
3,NO2,ml,DNN,C,intersection,full,no2_high_met_one_ug_m3,-,False,tabla_maestra_resultados.csv,0.347327161858079,,23365,23365,0.5385674723835592,6.773720926302046,5.168021792799151,-1.6227379274123386,39.23183975374558,0.7543676178201715,Marginal
3,NO2,ml,XGBoost,A,own,test,no2_high_met_one_ug_m3,-,False,tabla_maestra_resultados.csv,0.438140671881629,0.0,5174,5174,0.438140671881629,7.917393697047334,6.204008984906728,-4.984070712662038,41.04582467555583,0.8129581107536987,Marginal
3,NO2,ml,XGBoost,A,intersection,test,no2_high_met_one_ug_m3,-,False,tabla_maestra_resultados.csv,0.438140671881629,,5174,5174,0.438140671881629,7.917393697047334,6.204008984906728,-4.984070712662038,41.04582467555583,0.8129581107536987,Marginal
3,NO2,ml,XGBoost,A,own,full,no2_high_met_one_ug_m3,-,False,tabla_maestra_resultados.csv,0.438140671881629,,23446,23446,0.7041400507185187,5.427561875495769,3.9748069531171386,-1.1116547959885845,31.501294967643044,0.8470419673425142,Marginal
3,NO2,ml,XGBoost,A,intersection,full,no2_high_met_one_ug_m3,-,False,tabla_maestra_resultados.csv,0.438140671881629,,23365,23365,0.7031404651864931,5.433112506858938,3.9779753634997514,-1.1249444943262121,31.467342920123166,0.8465976259466997,Marginal
3,NO2,ml,LSTM,A,own,test,no2_high_met_one_ug_m3,-,False,tabla_maestra_resultados.csv,,,5174,0,,,,,,,n/a
3,NO2,ml,LSTM,A,intersection,test,no2_high_met_one_ug_m3,-,False,tabla_maestra_resultados.csv,,,5174,0,,,,,,,n/a
3,NO2,ml,LSTM,A,own,full,no2_high_met_one_ug_m3,-,False,tabla_maestra_resultados.csv,,,23446,0,,,,,,,n/a
3,NO2,ml,LSTM,A,intersection,full,no2_high_met_one_ug_m3,-,False,tabla_maestra_resultados.csv,,,23365,0,,,,,,,n/a
3,NO2,ml,XGBoost,B,own,test,no2_high_met_one_ug_m3,-,False,tabla_maestra_resultados.csv,0.4678738392397445,5.551115123125783e-17,5174,5174,0.46787383923974457,7.705055095845535,6.053510345756477,-4.290188530461872,39.94500623324038,0.7999600797899128,Marginal
3,NO2,ml,XGBoost,B,intersection,test,no2_high_met_one_ug_m3,-,False,tabla_maestra_resultados.csv,0.4678738392397445,,5174,5174,0.46787383923974457,7.705055095845535,6.053510345756477,-4.290188530461872,39.94500623324038,0.7999600797899128,Marginal
3,NO2,ml,XGBoost,B,own,full,no2_high_met_one_ug_m3,-,False,tabla_maestra_resultados.csv,0.4678738392397445,,23365,23365,0.7085278479620329,5.3835869388664515,3.9493109767431376,-0.960256092749901,31.180502176559315,0.8473082120702197,Marginal
3,NO2,ml,XGBoost,B,intersection,full,no2_high_met_one_ug_m3,-,False,tabla_maestra_resultados.csv,0.4678738392397445,,23365,23365,0.7085278479620329,5.3835869388664515,3.9493109767431376,-0.960256092749901,31.180502176559315,0.8473082120702197,Marginal
3,NO2,ml,LSTM,B,own,test,no2_high_met_one_ug_m3,-,False,tabla_maestra_resultados.csv,,,5174,0,,,,,,,n/a
3,NO2,ml,LSTM,B,intersection,test,no2_high_met_one_ug_m3,-,False,tabla_maestra_resultados.csv,,,5174,0,,,,,,,n/a
3,NO2,ml,LSTM,B,own,full,no2_high_met_one_ug_m3,-,False,tabla_maestra_resultados.csv,,,23365,0,,,,,,,n/a
3,NO2,ml,LSTM,B,intersection,full,no2_high_met_one_ug_m3,-,False,tabla_maestra_resultados.csv,,,23365,0,,,,,,,n/a
3,NO2,ml,XGBoost,C,own,test,no2_high_met_one_ug_m3,-,False,tabla_maestra_resultados.csv,0.4504223575082432,0.0,5177,5177,0.4504223575082432,7.830385166309065,5.9674288116552345,-4.0907221320515,40.60689512079225,0.7754263147991071,Marginal
3,NO2,ml,XGBoost,C,intersection,test,no2_high_met_one_ug_m3,-,False,tabla_maestra_resultados.csv,0.4504223575082432,,5174,5174,0.4502059352457708,7.831924042644657,5.968702802687572,-4.092237259662423,40.60272779494966,0.7753631316230728,Marginal
3,NO2,ml,XGBoost,C,own,full,no2_high_met_one_ug_m3,-,False,tabla_maestra_resultados.csv,0.4504223575082432,,23368,23368,0.597370185621543,6.327315179283736,4.815880835982718,-0.912125285836533,36.64852156116924,0.7784109296131961,Marginal
3,NO2,ml,XGBoost,C,intersection,full,no2_high_met_one_ug_m3,-,False,tabla_maestra_resultados.csv,0.4504223575082432,,23365,23365,0.5973564001993288,6.327521028514852,4.816015096015857,-0.9120526763659689,36.647552169627254,0.7784013055998845,Marginal
3,NO2,ml,LSTM,C,own,test,no2_high_met_one_ug_m3,-,False,tabla_maestra_resultados.csv,,,5177,0,,,,,,,n/a
3,NO2,ml,LSTM,C,intersection,test,no2_high_met_one_ug_m3,-,False,tabla_maestra_resultados.csv,,,5174,0,,,,,,,n/a
3,NO2,ml,LSTM,C,own,full,no2_high_met_one_ug_m3,-,False,tabla_maestra_resultados.csv,,,23368,0,,,,,,,n/a
3,NO2,ml,LSTM,C,intersection,full,no2_high_met_one_ug_m3,-,False,tabla_maestra_resultados.csv,,,23365,0,,,,,,,n/a
3,O3,ols_train_only,-,-,own,test,o3_mid_alphasense_ug_m3_aan803,c_hat_ols_O3,False,-,,,6324,6324,-0.6154494504712706,25.507469547413514,20.855958646898102,-6.1847739300882445,181.5437687897817,-0.09281047329781641,Inaceptable
3,O3,ols_train_only,-,-,configA,test,o3_mid_alphasense_ug_m3_aan803,c_hat_ols_O3,False,-,,,6271,6271,-0.6116249217663752,25.466129370787993,20.801081896577838,-6.115507055044188,182.15512138702383,-0.09014737025775892,Inaceptable
3,O3,ols_train_only,-,-,intersection,test,o3_mid_alphasense_ug_m3_aan803,c_hat_ols_O3,False,-,,,6271,6271,-0.6116249217663752,25.466129370787993,20.801081896577838,-6.115507055044188,182.15512138702383,-0.09014737025775892,Inaceptable
3,O3,ols_s6_full_period,-,-,own,test,o3_mid_alphasense_ug_m3_aan803,o3_low_mq131_ug_m3_ols,False,-,,,6324,6324,-0.06372381945069594,20.69832169581718,16.510939069933976,-1.0748474529078338,147.3157233922087,0.17152776166558584,Inaceptable
3,O3,ols_s6_full_period,-,-,configA,test,o3_mid_alphasense_ug_m3_aan803,o3_low_mq131_ug_m3_ols,False,-,,,6271,6271,-0.06295300450854202,20.681783408450865,16.497020738455543,-0.9486363208727019,147.93346536548802,0.17173979903801176,Inaceptable
3,O3,ols_s6_full_period,-,-,intersection,test,o3_mid_alphasense_ug_m3_aan803,o3_low_mq131_ug_m3_ols,False,-,,,6271,6271,-0.06295300450854202,20.681783408450865,16.497020738455543,-0.9486363208727019,147.93346536548802,0.17173979903801176,Inaceptable
3,O3,manufacturer_curve,-,-,own,test,o3_mid_alphasense_ug_m3_aan803,o3_low_mq131_ug_m3_curvas_fabricante,False,-,,,6324,6324,-11.81490442479209,71.84199371920371,36.098969557755105,27.611855972111517,511.31948909759996,-0.32742211727516196,Inaceptable
3,O3,manufacturer_curve,-,-,configA,test,o3_mid_alphasense_ug_m3_aan803,o3_low_mq131_ug_m3_curvas_fabricante,False,-,,,6271,6271,-11.685973250766418,71.44845620514175,35.79524896690503,27.359022487219775,511.0592985478241,-0.3256846263986315,Inaceptable
3,O3,manufacturer_curve,-,-,intersection,test,o3_mid_alphasense_ug_m3_aan803,o3_low_mq131_ug_m3_curvas_fabricante,False,-,,,6271,6271,-11.685973250766418,71.44845620514175,35.79524896690503,27.359022487219775,511.0592985478241,-0.3256846263986315,Inaceptable
3,O3,ols_train_only,-,-,own,full,o3_mid_alphasense_ug_m3_aan803,c_hat_ols_O3,False,-,,,23904,23904,0.47679497406754323,28.245236314061767,22.2032578219804,-1.723079584834288,64.55591446039145,0.6977123330585533,Inaceptable
3,O3,ols_train_only,-,-,configA,full,o3_mid_alphasense_ug_m3_aan803,c_hat_ols_O3,False,-,,,23774,23774,0.4797308583276806,28.197725487137003,22.15897801431613,-1.598960542951259,64.47698197212685,0.6993584928982463,Inaceptable
3,O3,ols_train_only,-,-,intersection,full,o3_mid_alphasense_ug_m3_aan803,c_hat_ols_O3,False,-,,,23774,23774,0.4797308583276806,28.197725487137003,22.15897801431613,-1.598960542951259,64.47698197212685,0.6993584928982463,Inaceptable
3,O3,ols_s6_full_period,-,-,own,full,o3_mid_alphasense_ug_m3_aan803,o3_low_mq131_ug_m3_ols,False,-,,,23904,23904,0.28752579502135267,32.96050307684184,22.71295882173594,-3.6473210085100374,75.33289484785642,0.5574587619031973,Inaceptable
3,O3,ols_s6_full_period,-,-,configA,full,o3_mid_alphasense_ug_m3_aan803,o3_low_mq131_ug_m3_ols,False,-,,,23774,23774,0.2886343542664569,32.97209088702361,22.704964268376372,-3.54328139470995,75.39405654104061,0.5578074716072445,Inaceptable
3,O3,ols_s6_full_period,-,-,intersection,full,o3_mid_alphasense_ug_m3_aan803,o3_low_mq131_ug_m3_ols,False,-,,,23774,23774,0.2886343542664569,32.97209088702361,22.704964268376372,-3.54328139470995,75.39405654104061,0.5578074716072445,Inaceptable
3,O3,manufacturer_curve,-,-,own,full,o3_mid_alphasense_ug_m3_aan803,o3_low_mq131_ug_m3_curvas_fabricante,False,-,,,23904,23904,-44.3803904437057,263.0530690516271,86.45522744494859,38.49566005108013,601.2210779693868,0.16618622990275292,Inaceptable
3,O3,manufacturer_curve,-,-,configA,full,o3_mid_alphasense_ug_m3_aan803,o3_low_mq131_ug_m3_curvas_fabricante,False,-,,,23774,23774,-44.50307505255898,263.7062468773699,86.62565187119246,38.7194561612245,602.9912921028217,0.16713229982755015,Inaceptable
3,O3,manufacturer_curve,-,-,intersection,full,o3_mid_alphasense_ug_m3_aan803,o3_low_mq131_ug_m3_curvas_fabricante,False,-,,,23774,23774,-44.50307505255898,263.7062468773699,86.62565187119246,38.7194561612245,602.9912921028217,0.16713229982755015,Inaceptable
3,O3,ml,RF,A,own,test,o3_mid_alphasense_ug_m3_aan803,-,False,tabla_maestra_resultados.csv,-0.0314331519947628,-2.42861286636753e-16,6271,6271,-0.03143315199476304,20.372836360430878,15.676618822618037,14.11037352342333,145.723616895198,0.6825656486483694,Inaceptable
3,O3,ml,RF,A,intersection,test,o3_mid_alphasense_ug_m3_aan803,-,False,tabla_maestra_resultados.csv,-0.0314331519947628,,6271,6271,-0.03143315199476304,20.372836360430878,15.676618822618037,14.110373523423334,145.723616895198,0.6825656486483694,Inaceptable
3,O3,ml,RF,A,own,full,o3_mid_alphasense_ug_m3_aan803,-,False,tabla_maestra_resultados.csv,-0.0314331519947628,,23774,23774,0.9185604074142235,11.156239796479397,6.330949001142227,3.7485906992622082,25.509882794002646,0.9655788053197992,Aceptable
3,O3,ml,RF,A,intersection,full,o3_mid_alphasense_ug_m3_aan803,-,False,tabla_maestra_resultados.csv,-0.0314331519947628,,23774,23774,0.9185604074142235,11.156239796479397,6.330949001142227,3.748590699262208,25.509882794002646,0.9655788053197992,Aceptable
3,O3,ml,LightGBM,A,own,test,o3_mid_alphasense_ug_m3_aan803,-,False,tabla_maestra_resultados.csv,-1.4666811623083025,2.220446049250313e-16,6271,6271,-1.4666811623083023,31.505578778863992,28.49651531888313,28.153297022297558,225.35433018790303,0.7336537572246775,Inaceptable
3,O3,ml,LightGBM,A,intersection,test,o3_mid_alphasense_ug_m3_aan803,-,False,tabla_maestra_resultados.csv,-1.4666811623083025,,6271,6271,-1.4666811623083023,31.505578778863992,28.49651531888313,28.153297022297558,225.35433018790303,0.7336537572246775,Inaceptable
3,O3,ml,LightGBM,A,own,full,o3_mid_alphasense_ug_m3_aan803,-,False,tabla_maestra_resultados.csv,-1.4666811623083025,,23774,23774,0.786924700606891,18.04540352609558,12.653530994444198,8.698613486788169,41.26265993909971,0.9169665064240231,Marginal
3,O3,ml,LightGBM,A,intersection,full,o3_mid_alphasense_ug_m3_aan803,-,False,tabla_maestra_resultados.csv,-1.4666811623083025,,23774,23774,0.786924700606891,18.04540352609558,12.653530994444198,8.698613486788169,41.26265993909971,0.9169665064240231,Marginal
3,O3,ml,DNN,A,own,test,o3_mid_alphasense_ug_m3_aan803,-,False,tabla_maestra_resultados.csv,-1.2897858638577704,-9.928950994719798e-10,6271,6271,-1.2897858648506655,30.354870802973885,25.975302833938944,24.696288900953096,217.12350138870127,0.5966644697130596,Inaceptable
3,O3,ml,DNN,A,intersection,test,o3_mid_alphasense_ug_m3_aan803,-,False,tabla_maestra_resultados.csv,-1.2897858638577704,,6271,6271,-1.2897858648506655,30.354870802973885,25.975302833938944,24.696288900953096,217.12350138870127,0.5966644697130596,Inaceptable
3,O3,ml,DNN,A,own,full,o3_mid_alphasense_ug_m3_aan803,-,False,tabla_maestra_resultados.csv,-1.2897858638577704,,23774,23774,0.602901400735808,24.634810278256943,18.880892701791574,4.834467660305114,56.33001211117226,0.7865326106155396,Inaceptable
3,O3,ml,DNN,A,intersection,full,o3_mid_alphasense_ug_m3_aan803,-,False,tabla_maestra_resultados.csv,-1.2897858638577704,,23774,23774,0.602901400735808,24.634810278256943,18.880892701791574,4.834467660305114,56.33001211117226,0.7865326106155396,Inaceptable
3,O3,ml,RF,B,own,test,o3_mid_alphasense_ug_m3_aan803,-,False,tabla_maestra_resultados.csv,-0.0028917042280973,-6.938893903907228e-17,6271,6271,-0.0028917042280973693,20.088984013990732,15.205560538781743,13.571986407225692,143.69326678313476,0.6764222041183973,Inaceptable
3,O3,ml,RF,B,intersection,test,o3_mid_alphasense_ug_m3_aan803,-,False,tabla_maestra_resultados.csv,-0.0028917042280973,,6271,6271,-0.0028917042280973693,20.088984013990732,15.205560538781743,13.571986407225692,143.69326678313476,0.6764222041183969,Inaceptable
3,O3,ml,RF,B,own,full,o3_mid_alphasense_ug_m3_aan803,-,False,tabla_maestra_resultados.csv,-0.0028917042280973,,23774,23774,0.9205870034187149,11.016555746462075,6.200716832669674,3.6097970130962853,25.190480933775696,0.9661046392321392,Aceptable
3,O3,ml,RF,B,intersection,full,o3_mid_alphasense_ug_m3_aan803,-,False,tabla_maestra_resultados.csv,-0.0028917042280973,,23774,23774,0.9205870034187149,11.016555746462075,6.200716832669674,3.6097970130962853,25.190480933775696,0.9661046392321393,Aceptable
3,O3,ml,LightGBM,B,own,test,o3_mid_alphasense_ug_m3_aan803,-,False,tabla_maestra_resultados.csv,-1.4102696491323743,-2.220446049250313e-16,6271,6271,-1.4102696491323745,31.143238360692468,28.18750842140929,27.824080504835045,222.76256754135142,0.7365193244280349,Inaceptable
3,O3,ml,LightGBM,B,intersection,test,o3_mid_alphasense_ug_m3_aan803,-,False,tabla_maestra_resultados.csv,-1.4102696491323743,,6271,6271,-1.4102696491323745,31.143238360692468,28.18750842140929,27.824080504835045,222.76256754135142,0.7365193244280349,Inaceptable
3,O3,ml,LightGBM,B,own,full,o3_mid_alphasense_ug_m3_aan803,-,False,tabla_maestra_resultados.csv,-1.4102696491323743,,23774,23774,0.7954512670574762,17.680658717523286,12.238512230498928,8.529465231805924,40.42863364653683,0.9205179981751374,Marginal
3,O3,ml,LightGBM,B,intersection,full,o3_mid_alphasense_ug_m3_aan803,-,False,tabla_maestra_resultados.csv,-1.4102696491323743,,23774,23774,0.7954512670574762,17.680658717523286,12.238512230498928,8.529465231805924,40.42863364653683,0.9205179981751374,Marginal
3,O3,ml,DNN,B,own,test,o3_mid_alphasense_ug_m3_aan803,-,False,tabla_maestra_resultados.csv,-1.964110471993305,9.170963988225367e-10,6271,6271,-1.9641104710762085,34.53648595123752,31.82874923547698,31.226609651519464,247.03392098311065,0.7067679625338964,Inaceptable
3,O3,ml,DNN,B,intersection,test,o3_mid_alphasense_ug_m3_aan803,-,False,tabla_maestra_resultados.csv,-1.964110471993305,,6271,6271,-1.9641104710762085,34.53648595123752,31.82874923547698,31.226609651519464,247.03392098311065,0.7067679625338964,Inaceptable
3,O3,ml,DNN,B,own,full,o3_mid_alphasense_ug_m3_aan803,-,False,tabla_maestra_resultados.csv,-1.964110471993305,,23774,23774,0.575604891996701,25.46743632436053,19.99873135126911,7.376376937007133,58.23389668472178,0.7829358715960467,Inaceptable
3,O3,ml,DNN,B,intersection,full,o3_mid_alphasense_ug_m3_aan803,-,False,tabla_maestra_resultados.csv,-1.964110471993305,,23774,23774,0.575604891996701,25.46743632436053,19.99873135126911,7.376376937007133,58.23389668472178,0.7829358715960467,Inaceptable
3,O3,ml,RF,C,own,test,o3_mid_alphasense_ug_m3_aan803,-,False,tabla_maestra_resultados.csv,-1.6844268308493544,0.0,6324,6324,-1.6844268308493544,32.88111044066374,27.244241143566715,26.037129165576694,234.0240257974329,0.06898808172181933,Inaceptable
3,O3,ml,RF,C,intersection,test,o3_mid_alphasense_ug_m3_aan803,-,False,tabla_maestra_resultados.csv,-1.6844268308493544,,6271,6271,-1.6977030289169122,32.9479215688947,27.32161964398972,26.12444813300627,235.67117583705448,0.06724488343638783,Inaceptable
3,O3,ml,RF,C,own,full,o3_mid_alphasense_ug_m3_aan803,-,False,tabla_maestra_resultados.csv,-1.6844268308493544,,23904,23904,0.5826506325533165,25.226624272160485,19.933917263019733,6.899626283270595,57.656724147401505,0.794492851875353,Inaceptable
3,O3,ml,RF,C,intersection,full,o3_mid_alphasense_ug_m3_aan803,-,False,tabla_maestra_resultados.csv,-1.6844268308493544,,23774,23774,0.583930534913176,25.216393132470845,19.924135798409875,6.977621756941385,57.659860762388945,0.7958179153472732,Inaceptable
3,O3,ml,LightGBM,C,own,test,o3_mid_alphasense_ug_m3_aan803,-,False,tabla_maestra_resultados.csv,-3.5859721375734583,0.0,6324,6324,-3.5859721375734583,42.97702967712185,38.261381557464205,37.93818828968655,305.87949637545086,0.11072990029950258,Inaceptable
3,O3,ml,LightGBM,C,intersection,test,o3_mid_alphasense_ug_m3_aan803,-,False,tabla_maestra_resultados.csv,-3.5859721375734583,,6271,6271,-3.6099045391206834,43.07020311126979,38.36800846980865,38.04493070661778,308.07422524510486,0.10888361258923977,Inaceptable
3,O3,ml,LightGBM,C,own,full,o3_mid_alphasense_ug_m3_aan803,-,False,tabla_maestra_resultados.csv,-3.5859721375734583,,23904,23904,0.4144918445116377,29.879665643480504,23.789807020662916,12.56724683595322,68.29148525924442,0.744580230040644,Inaceptable
3,O3,ml,LightGBM,C,intersection,full,o3_mid_alphasense_ug_m3_aan803,-,False,tabla_maestra_resultados.csv,-3.5859721375734583,,23774,23774,0.4153276023016408,29.892094053797504,23.793206605132813,12.638355320539782,68.35132891463266,0.7460377372186613,Inaceptable
3,O3,ml,DNN,C,own,test,o3_mid_alphasense_ug_m3_aan803,-,False,tabla_maestra_resultados.csv,-1.407549573815,1.7176415845199244e-09,6324,6324,-1.4075495720973583,31.139261559403707,25.848178906514352,24.036656401177382,221.62680191842696,0.2082172935441719,Inaceptable
3,O3,ml,DNN,C,intersection,test,o3_mid_alphasense_ug_m3_aan803,-,False,tabla_maestra_resultados.csv,-1.407549573815,,6271,6271,-1.41886055933205,31.198690824793502,25.91133678387529,24.120443466078694,223.15921008496153,0.20827258797073944,Inaceptable
3,O3,ml,DNN,C,own,full,o3_mid_alphasense_ug_m3_aan803,-,False,tabla_maestra_resultados.csv,-1.407549573815,,23904,23904,0.5226765425822263,26.978366352727235,21.366693378285223,1.0194744333052324,61.660419165291515,0.7236701512305888,Inaceptable
3,O3,ml,DNN,C,intersection,full,o3_mid_alphasense_ug_m3_aan803,-,False,tabla_maestra_resultados.csv,-1.407549573815,,23774,23774,0.5254240444885554,26.931026658887916,21.325795372725622,1.1061346507592007,61.58054560705948,0.7256897616140146,Inaceptable
3,O3,ml,XGBoost,A,own,test,o3_mid_alphasense_ug_m3_aan803,-,False,tabla_maestra_resultados.csv,-0.3014090459258705,0.0,6271,6271,-0.3014090459258705,22.884312214349464,18.71689553088308,17.482101691527447,163.68779913782373,0.678139139789511,Inaceptable
3,O3,ml,XGBoost,A,intersection,test,o3_mid_alphasense_ug_m3_aan803,-,False,tabla_maestra_resultados.csv,-0.3014090459258705,,6271,6271,-0.3014090459258705,22.884312214349464,18.71689553088308,17.482101691527447,163.68779913782373,0.678139139789511,Inaceptable
3,O3,ml,XGBoost,A,own,full,o3_mid_alphasense_ug_m3_aan803,-,False,tabla_maestra_resultados.csv,-0.3014090459258705,,23774,23774,0.873639546154076,13.896506437392343,9.746675625864604,4.663330741042431,31.77578260516163,0.9465223604857281,Marginal
3,O3,ml,XGBoost,A,intersection,full,o3_mid_alphasense_ug_m3_aan803,-,False,tabla_maestra_resultados.csv,-0.3014090459258705,,23774,23774,0.873639546154076,13.896506437392343,9.746675625864604,4.663330741042431,31.77578260516163,0.9465223604857281,Marginal
3,O3,ml,LSTM,A,own,test,o3_mid_alphasense_ug_m3_aan803,-,False,tabla_maestra_resultados.csv,0.2328994161884511,-1.038352692717126e-08,6271,5263,0.2328994058049242,16.698424310535774,12.144140024210222,7.850391208136362,120.29581344146014,0.6429935786648232,Inaceptable
3,O3,ml,LSTM,A,intersection,test,o3_mid_alphasense_ug_m3_aan803,-,False,tabla_maestra_resultados.csv,0.2328994161884511,,6271,5263,0.2328994058049242,16.698424310535774,12.144140024210222,7.850391208136362,120.29581344146014,0.6429935786648232,Inaceptable
3,O3,ml,LSTM,A,own,full,o3_mid_alphasense_ug_m3_aan803,-,False,tabla_maestra_resultados.csv,0.2328994161884511,,23774,13888,0.8302541548277367,12.367006516159112,8.661337879358523,3.2762098570005684,36.20591772038658,0.920968058187256,Marginal
3,O3,ml,LSTM,A,intersection,full,o3_mid_alphasense_ug_m3_aan803,-,False,tabla_maestra_resultados.csv,0.2328994161884511,,23774,13888,0.8302541548277367,12.367006516159112,8.661337879358523,3.2762098570005684,36.20591772038658,0.920968058187256,Marginal
3,O3,ml,XGBoost,B,own,test,o3_mid_alphasense_ug_m3_aan803,-,False,tabla_maestra_resultados.csv,-0.4839382075869578,0.0,6271,6271,-0.4839382075869578,24.43649209171644,20.143895699633266,19.083334854441823,174.7902917804867,0.6625288109454835,Inaceptable
3,O3,ml,XGBoost,B,intersection,test,o3_mid_alphasense_ug_m3_aan803,-,False,tabla_maestra_resultados.csv,-0.4839382075869578,,6271,6271,-0.4839382075869578,24.43649209171644,20.143895699633266,19.083334854441823,174.7902917804867,0.6625288109454835,Inaceptable
3,O3,ml,XGBoost,B,own,full,o3_mid_alphasense_ug_m3_aan803,-,False,tabla_maestra_resultados.csv,-0.4839382075869578,,23774,23774,0.848241595514307,15.229176512936142,10.847103358581865,5.090937417033,34.82306897139098,0.933438853993236,Marginal
3,O3,ml,XGBoost,B,intersection,full,o3_mid_alphasense_ug_m3_aan803,-,False,tabla_maestra_resultados.csv,-0.4839382075869578,,23774,23774,0.848241595514307,15.229176512936142,10.847103358581865,5.090937417033,34.82306897139098,0.933438853993236,Marginal
3,O3,ml,LSTM,B,own,test,o3_mid_alphasense_ug_m3_aan803,-,False,tabla_maestra_resultados.csv,0.2345411268966868,5.858904278399635e-09,6271,5263,0.23454113275559108,16.68054599252206,12.444294390756184,9.551265003943236,120.16701764801105,0.7062781330208201,Inaceptable
3,O3,ml,LSTM,B,intersection,test,o3_mid_alphasense_ug_m3_aan803,-,False,tabla_maestra_resultados.csv,0.2345411268966868,,6271,5263,0.23454113275559108,16.68054599252206,12.444294390756184,9.551265003943236,120.16701764801105,0.7062781330208201,Inaceptable
3,O3,ml,LSTM,B,own,full,o3_mid_alphasense_ug_m3_aan803,-,False,tabla_maestra_resultados.csv,0.2345411268966868,,23774,13888,0.8396840980032764,12.018584315449361,8.44557244644788,3.9476335483726674,35.18586929440976,0.9286778128080894,Marginal
3,O3,ml,LSTM,B,intersection,full,o3_mid_alphasense_ug_m3_aan803,-,False,tabla_maestra_resultados.csv,0.2345411268966868,,23774,13888,0.8396840980032764,12.018584315449361,8.44557244644788,3.9476335483726674,35.18586929440976,0.9286778128080894,Marginal
3,O3,ml,XGBoost,C,own,test,o3_mid_alphasense_ug_m3_aan803,-,False,tabla_maestra_resultados.csv,-1.9717626640485104,0.0,6324,6324,-1.9717626640485104,34.59614840668036,29.079618473467875,28.15263860311976,246.23042892140688,0.06452808826426519,Inaceptable
3,O3,ml,XGBoost,C,intersection,test,o3_mid_alphasense_ug_m3_aan803,-,False,tabla_maestra_resultados.csv,-1.9717626640485104,,6271,6271,-1.9861221083517058,34.66448362463622,29.16091207396211,28.243379797587828,247.94946772347794,0.06467417789561958,Inaceptable
3,O3,ml,XGBoost,C,own,full,o3_mid_alphasense_ug_m3_aan803,-,False,tabla_maestra_resultados.csv,-1.9717626640485104,,23904,23904,0.5360768959397499,26.596975902436,21.060340435229712,7.4651047502980745,60.78873202444952,0.7832968003183124,Inaceptable
3,O3,ml,XGBoost,C,intersection,full,o3_mid_alphasense_ug_m3_aan803,-,False,tabla_maestra_resultados.csv,-1.9717626640485104,,23774,23774,0.5373840595473283,26.589510425227424,21.05335321376426,7.540509562355588,60.79963382568331,0.7848199305689163,Inaceptable
3,O3,ml,LSTM,C,own,test,o3_mid_alphasense_ug_m3_aan803,-,False,tabla_maestra_resultados.csv,-1.862681203202713,2.3479232558187846e-08,6324,5667,-1.8626811797234804,32.897909962743036,26.77491770766446,25.02620572112321,226.2375482631508,-0.0656845609176871,Inaceptable
3,O3,ml,LSTM,C,intersection,test,o3_mid_alphasense_ug_m3_aan803,-,False,tabla_maestra_resultados.csv,-1.862681203202713,,6271,5263,-2.0448323637914516,33.26833196184951,27.287755341852513,25.71438566618288,239.6657900629672,-0.0785518411212078,Inaceptable
3,O3,ml,LSTM,C,own,full,o3_mid_alphasense_ug_m3_aan803,-,False,tabla_maestra_resultados.csv,-1.862681203202713,,23904,14482,0.22577351750782737,26.243928473828678,20.601894424746522,12.581934996630732,77.09767169868759,0.6379689023411123,Inaceptable
3,O3,ml,LSTM,C,intersection,full,o3_mid_alphasense_ug_m3_aan803,-,False,tabla_maestra_resultados.csv,-1.862681203202713,,23774,13888,0.22985017232412785,26.342235281188536,20.772584402210942,12.658799952354341,77.12010193538626,0.6412007733009184,Inaceptable
3,O3,ml,LSTM_v6,A,own,test,o3_mid_alphasense_ug_m3_aan803,-,False,tabla_maestra_lstm_v6.csv,0.138652277780251,-0.00012816638280085946,6271,5263,0.13852411139745013,17.695828316512475,13.423015584456287,11.382540232230328,127.48113368470221,0.7087719133693996,Inaceptable
3,O3,ml,LSTM_v6,A,intersection,test,o3_mid_alphasense_ug_m3_aan803,-,False,tabla_maestra_lstm_v6.csv,0.138652277780251,,6271,5263,0.13852411139745013,17.695828316512475,13.423015584456287,11.382540232230328,127.48113368470221,0.7087719133693996,Inaceptable
3,O3,ml,LSTM_v6,A,own,full,o3_mid_alphasense_ug_m3_aan803,-,False,tabla_maestra_lstm_v6.csv,0.138652277780251,,23774,13888,0.8391653471179974,12.038013504293021,8.120616295513418,4.573831642846039,35.24275061097802,0.9316669521368776,Marginal
3,O3,ml,LSTM_v6,A,intersection,full,o3_mid_alphasense_ug_m3_aan803,-,False,tabla_maestra_lstm_v6.csv,0.138652277780251,,23774,13888,0.8391653471179974,12.038013504293021,8.120616295513418,4.573831642846039,35.24275061097802,0.9316669521368776,Marginal
3,O3,ml,LSTM_v6,B,own,test,o3_mid_alphasense_ug_m3_aan803,-,False,tabla_maestra_lstm_v6.csv,-0.3449629658501647,0.00015971557880467557,6271,5263,-0.34480325027136005,22.109489135823683,19.109250812408458,18.506119986141034,159.27724262527732,0.7729568991430359,Inaceptable
3,O3,ml,LSTM_v6,B,intersection,test,o3_mid_alphasense_ug_m3_aan803,-,False,tabla_maestra_lstm_v6.csv,-0.3449629658501647,,6271,5263,-0.34480325027136005,22.109489135823683,19.109250812408458,18.506119986141034,159.27724262527732,0.7729568991430359,Inaceptable
3,O3,ml,LSTM_v6,B,own,full,o3_mid_alphasense_ug_m3_aan803,-,False,tabla_maestra_lstm_v6.csv,-0.3449629658501647,,23774,13888,0.7705101377288103,14.379598689742865,10.017378849119075,7.308006400119177,42.098026416719534,0.9184010331188519,Marginal
3,O3,ml,LSTM_v6,B,intersection,full,o3_mid_alphasense_ug_m3_aan803,-,False,tabla_maestra_lstm_v6.csv,-0.3449629658501647,,23774,13888,0.7705101377288103,14.379598689742865,10.017378849119075,7.308006400119177,42.098026416719534,0.9184010331188519,Marginal
3,O3,ml,LSTM_v6,C,own,test,o3_mid_alphasense_ug_m3_aan803,-,False,tabla_maestra_lstm_v6.csv,-1.688248998006444,-2.6272457542830807e-08,6324,5667,-1.6882490242789014,31.879871682508853,26.078557518109218,25.263557417177328,219.2365416697516,-0.08085946537095452,Inaceptable
3,O3,ml,LSTM_v6,C,intersection,test,o3_mid_alphasense_ug_m3_aan803,-,False,tabla_maestra_lstm_v6.csv,-1.688248998006444,,6271,5263,-1.848861434462438,32.179922650434925,26.598587977051643,25.92359379894466,231.82486561171422,-0.09799218978447047,Inaceptable
3,O3,ml,LSTM_v6,C,own,full,o3_mid_alphasense_ug_m3_aan803,-,False,tabla_maestra_lstm_v6.csv,-1.688248998006444,,23904,14482,-0.03717562583293876,30.37532863454826,23.381587627464654,5.769390231887962,89.23462495874176,0.5464715718005227,Inaceptable
3,O3,ml,LSTM_v6,C,intersection,full,o3_mid_alphasense_ug_m3_aan803,-,False,tabla_maestra_lstm_v6.csv,-1.688248998006444,,23774,13888,-0.03520970985157468,30.540713684527088,23.572879643636764,5.6518669079009705,89.41165878250807,0.5509533226077673,Inaceptable
3,NO2_alpha,ols_train_only,-,-,own,test,no2_high_met_one_ug_m3,c_hat_ols_NO2_alpha,False,-,,,5185,5185,-0.15800206028043884,11.37341174754684,8.439979629134807,-7.441399611493507,59.372976214047036,0.6481379622556794,Inaceptable
3,NO2_alpha,ols_train_only,-,-,configA,test,no2_high_met_one_ug_m3,c_hat_ols_NO2_alpha,False,-,,,5185,5185,-0.15800206028043884,11.37341174754684,8.439979629134807,-7.441399611493507,59.372976214047036,0.6481379622556794,Inaceptable
3,NO2_alpha,ols_train_only,-,-,intersection,test,no2_high_met_one_ug_m3,c_hat_ols_NO2_alpha,False,-,,,5185,5185,-0.15800206028043884,11.37341174754684,8.439979629134807,-7.441399611493507,59.372976214047036,0.6481379622556794,Inaceptable
3,NO2_alpha,ols_s6_full_period,-,-,own,test,no2_high_met_one_ug_m3,no2_mid_alphasense_ug_m3_ols,False,-,,,5185,5185,0.35712049658478606,8.474242463569729,6.34883423023588,-2.6456939012657563,44.23835234226147,0.7118974557267393,Inaceptable
3,NO2_alpha,ols_s6_full_period,-,-,configA,test,no2_high_met_one_ug_m3,no2_mid_alphasense_ug_m3_ols,False,-,,,5185,5185,0.35712049658478606,8.474242463569729,6.34883423023588,-2.6456939012657563,44.23835234226147,0.7118974557267393,Inaceptable
3,NO2_alpha,ols_s6_full_period,-,-,intersection,test,no2_high_met_one_ug_m3,no2_mid_alphasense_ug_m3_ols,False,-,,,5185,5185,0.35712049658478606,8.474242463569729,6.34883423023588,-2.6456939012657563,44.23835234226147,0.7118974557267393,Inaceptable
3,NO2_alpha,alphasense_factory,-,-,own,test,no2_high_met_one_ug_m3,no2_mid_alphasense_ug_m3_aan803,False,-,,,5185,5185,-0.3108186018014274,12.100613621054107,10.120054993781537,8.466138289178874,63.16921084415882,0.6572015140795769,Inaceptable
3,NO2_alpha,alphasense_factory,-,-,configA,test,no2_high_met_one_ug_m3,no2_mid_alphasense_ug_m3_aan803,False,-,,,5185,5185,-0.3108186018014274,12.100613621054107,10.120054993781537,8.466138289178874,63.16921084415882,0.6572015140795769,Inaceptable
3,NO2_alpha,alphasense_factory,-,-,intersection,test,no2_high_met_one_ug_m3,no2_mid_alphasense_ug_m3_aan803,False,-,,,5185,5185,-0.3108186018014274,12.100613621054107,10.120054993781537,8.466138289178874,63.16921084415882,0.6572015140795769,Inaceptable
3,NO2_alpha,alphasense_factory,-,-,own,test,no2_high_met_one_ug_m3,no2_mid_alphasense_ug_m3_aan803,True,-,,,5185,5185,-0.3042560129703471,12.070284865367721,10.09885577481723,8.487337508143181,63.01088469454431,0.6601568017873121,Inaceptable
3,NO2_alpha,alphasense_factory,-,-,configA,test,no2_high_met_one_ug_m3,no2_mid_alphasense_ug_m3_aan803,True,-,,,5185,5185,-0.3042560129703471,12.070284865367721,10.09885577481723,8.487337508143181,63.01088469454431,0.6601568017873121,Inaceptable
3,NO2_alpha,alphasense_factory,-,-,intersection,test,no2_high_met_one_ug_m3,no2_mid_alphasense_ug_m3_aan803,True,-,,,5185,5185,-0.3042560129703471,12.070284865367721,10.09885577481723,8.487337508143181,63.01088469454431,0.6601568017873121,Inaceptable
3,NO2_alpha,ols_train_only,-,-,own,full,no2_high_met_one_ug_m3,c_hat_ols_NO2_alpha,False,-,,,22091,22091,0.22953737331575907,8.777203840643372,6.545583804156773,-1.738254398975718,51.38980003637697,0.5134424598767647,Inaceptable
3,NO2_alpha,ols_train_only,-,-,configA,full,no2_high_met_one_ug_m3,c_hat_ols_NO2_alpha,False,-,,,22091,22091,0.22953737331575907,8.777203840643372,6.545583804156773,-1.738254398975718,51.38980003637697,0.5134424598767647,Inaceptable
3,NO2_alpha,ols_train_only,-,-,intersection,full,no2_high_met_one_ug_m3,c_hat_ols_NO2_alpha,False,-,,,22091,22091,0.22953737331575907,8.777203840643372,6.545583804156773,-1.738254398975718,51.38980003637697,0.5134424598767647,Inaceptable
3,NO2_alpha,ols_s6_full_period,-,-,own,full,no2_high_met_one_ug_m3,no2_mid_alphasense_ug_m3_ols,False,-,,,22091,22091,0.3279815286362363,8.197303241922551,6.343368893126723,9.763243556378121e-05,47.994530158828596,0.5726967167621365,Inaceptable
3,NO2_alpha,ols_s6_full_period,-,-,configA,full,no2_high_met_one_ug_m3,no2_mid_alphasense_ug_m3_ols,False,-,,,22091,22091,0.3279815286362363,8.197303241922551,6.343368893126723,9.763243556378121e-05,47.994530158828596,0.5726967167621365,Inaceptable
3,NO2_alpha,ols_s6_full_period,-,-,intersection,full,no2_high_met_one_ug_m3,no2_mid_alphasense_ug_m3_ols,False,-,,,22091,22091,0.3279815286362363,8.197303241922551,6.343368893126723,9.763243556378121e-05,47.994530158828596,0.5726967167621365,Inaceptable
3,NO2_alpha,alphasense_factory,-,-,own,full,no2_high_met_one_ug_m3,no2_mid_alphasense_ug_m3_aan803,False,-,,,22091,22091,-2.1961068566465207,17.876851864188623,13.34250377883486,0.310021800075733,104.6674840028833,0.41850859748472513,Inaceptable
3,NO2_alpha,alphasense_factory,-,-,configA,full,no2_high_met_one_ug_m3,no2_mid_alphasense_ug_m3_aan803,False,-,,,22091,22091,-2.1961068566465207,17.876851864188623,13.34250377883486,0.310021800075733,104.6674840028833,0.41850859748472513,Inaceptable
3,NO2_alpha,alphasense_factory,-,-,intersection,full,no2_high_met_one_ug_m3,no2_mid_alphasense_ug_m3_aan803,False,-,,,22091,22091,-2.1961068566465207,17.876851864188623,13.34250377883486,0.310021800075733,104.6674840028833,0.41850859748472513,Inaceptable
3,NO2_alpha,alphasense_factory,-,-,own,full,no2_high_met_one_ug_m3,no2_mid_alphasense_ug_m3_aan803,True,-,,,22091,22091,-0.704525590956502,13.055054901978261,10.518720998711624,3.1338045801989725,76.4360603834858,0.49721870702449517,Inaceptable
3,NO2_alpha,alphasense_factory,-,-,configA,full,no2_high_met_one_ug_m3,no2_mid_alphasense_ug_m3_aan803,True,-,,,22091,22091,-0.704525590956502,13.055054901978261,10.518720998711624,3.1338045801989725,76.4360603834858,0.49721870702449517,Inaceptable
3,NO2_alpha,alphasense_factory,-,-,intersection,full,no2_high_met_one_ug_m3,no2_mid_alphasense_ug_m3_aan803,True,-,,,22091,22091,-0.704525590956502,13.055054901978261,10.518720998711624,3.1338045801989725,76.4360603834858,0.49721870702449517,Inaceptable
3,NO2_alpha,ml,RF,A,own,test,no2_high_met_one_ug_m3,-,False,tabla_maestra_no2alpha.csv,0.2406622384566372,5.551115123125783e-17,5185,5185,0.24066223845663726,9.209872010396996,6.806880114072313,-5.042508127094278,48.07858221836231,0.716142383398514,Inaceptable
3,NO2_alpha,ml,RF,A,intersection,test,no2_high_met_one_ug_m3,-,False,tabla_maestra_no2alpha.csv,0.2406622384566372,,5185,5185,0.24066223845663726,9.209872010396996,6.806880114072313,-5.042508127094277,48.07858221836231,0.7161423833985139,Inaceptable
3,NO2_alpha,ml,RF,A,own,full,no2_high_met_one_ug_m3,-,False,tabla_maestra_no2alpha.csv,0.2406622384566372,,22091,22091,0.6263434927153221,6.112469019698503,4.345717609649476,-1.195497519010491,35.78799881533003,0.8094574368973066,Marginal
3,NO2_alpha,ml,RF,A,intersection,full,no2_high_met_one_ug_m3,-,False,tabla_maestra_no2alpha.csv,0.2406622384566372,,22091,22091,0.6263434927153221,6.112469019698503,4.345717609649476,-1.195497519010491,35.78799881533003,0.8094574368973066,Marginal
3,NO2_alpha,ml,LightGBM,A,own,test,no2_high_met_one_ug_m3,-,False,tabla_maestra_no2alpha.csv,-0.023495103844896,-5.898059818321144e-17,5185,5185,-0.02349510384489606,10.692493150440697,8.302677186635881,-7.501899044271858,55.81835561584304,0.7010053518170595,Inaceptable
3,NO2_alpha,ml,LightGBM,A,intersection,test,no2_high_met_one_ug_m3,-,False,tabla_maestra_no2alpha.csv,-0.023495103844896,,5185,5185,-0.02349510384489606,10.692493150440697,8.302677186635881,-7.501899044271858,55.81835561584304,0.7010053518170595,Inaceptable
3,NO2_alpha,ml,LightGBM,A,own,full,no2_high_met_one_ug_m3,-,False,tabla_maestra_no2alpha.csv,-0.023495103844896,,22091,22091,0.4646547997636241,7.316398509877398,5.346182847163342,-2.337644253561791,42.836906062043305,0.7207147769924125,Marginal
3,NO2_alpha,ml,LightGBM,A,intersection,full,no2_high_met_one_ug_m3,-,False,tabla_maestra_no2alpha.csv,-0.023495103844896,,22091,22091,0.4646547997636241,7.316398509877398,5.346182847163342,-2.337644253561791,42.836906062043305,0.7207147769924125,Marginal
3,NO2_alpha,ml,DNN,A,own,test,no2_high_met_one_ug_m3,-,False,tabla_maestra_no2alpha.csv,0.2365243694014707,2.1063150112965445e-09,5185,5185,0.2365243715077857,9.234931641731478,7.005803519444848,-4.769626927941377,48.209401793717596,0.6816078343775784,Inaceptable
3,NO2_alpha,ml,DNN,A,intersection,test,no2_high_met_one_ug_m3,-,False,tabla_maestra_no2alpha.csv,0.2365243694014707,,5185,5185,0.2365243715077857,9.234931641731478,7.005803519444848,-4.769626927941377,48.209401793717596,0.6816078343775784,Inaceptable
3,NO2_alpha,ml,DNN,A,own,full,no2_high_met_one_ug_m3,-,False,tabla_maestra_no2alpha.csv,0.2365243694014707,,22091,22091,0.49850963247298163,7.081278804806451,5.2686413136049195,-1.2921880893820379,41.46029970225273,0.7180058449989728,Marginal
3,NO2_alpha,ml,DNN,A,intersection,full,no2_high_met_one_ug_m3,-,False,tabla_maestra_no2alpha.csv,0.2365243694014707,,22091,22091,0.49850963247298163,7.081278804806451,5.2686413136049195,-1.2921880893820379,41.46029970225273,0.7180058449989728,Marginal
3,NO2_alpha,ml,RF,B,own,test,no2_high_met_one_ug_m3,-,False,tabla_maestra_no2alpha.csv,0.134797208330249,0.0,5185,5185,0.134797208330249,9.830940147172981,7.193796980184766,-5.812991311842504,51.320763591076314,0.7149431931087676,Inaceptable
3,NO2_alpha,ml,RF,B,intersection,test,no2_high_met_one_ug_m3,-,False,tabla_maestra_no2alpha.csv,0.134797208330249,,5185,5185,0.134797208330249,9.830940147172981,7.193796980184764,-5.812991311842504,51.320763591076314,0.7149431931087676,Inaceptable
3,NO2_alpha,ml,RF,B,own,full,no2_high_met_one_ug_m3,-,False,tabla_maestra_no2alpha.csv,0.134797208330249,,22091,22091,0.6013986912140576,6.313203028246759,4.420095324811339,-1.3731229347072185,36.96327977576846,0.793877657621613,Marginal
3,NO2_alpha,ml,RF,B,intersection,full,no2_high_met_one_ug_m3,-,False,tabla_maestra_no2alpha.csv,0.134797208330249,,22091,22091,0.6013986912140575,6.313203028246759,4.420095324811339,-1.3731229347072182,36.96327977576846,0.793877657621613,Marginal
3,NO2_alpha,ml,LightGBM,B,own,test,no2_high_met_one_ug_m3,-,False,tabla_maestra_no2alpha.csv,-0.40381560032245,0.0,5185,5185,-0.40381560032245,12.52250253176454,9.753454918435049,-9.273781688700126,65.37161068833781,0.6646105534330886,Inaceptable
3,NO2_alpha,ml,LightGBM,B,intersection,test,no2_high_met_one_ug_m3,-,False,tabla_maestra_no2alpha.csv,-0.40381560032245,,5185,5185,-0.40381560032245,12.52250253176454,9.753454918435049,-9.273781688700126,65.37161068833781,0.6646105534330886,Inaceptable
3,NO2_alpha,ml,LightGBM,B,own,full,no2_high_met_one_ug_m3,-,False,tabla_maestra_no2alpha.csv,-0.40381560032245,,22091,22091,0.31822299859893566,8.256606164030956,5.996993523682873,-2.8159050236640257,48.34174384601811,0.6309381234937556,Inaceptable
3,NO2_alpha,ml,LightGBM,B,intersection,full,no2_high_met_one_ug_m3,-,False,tabla_maestra_no2alpha.csv,-0.40381560032245,,22091,22091,0.31822299859893566,8.256606164030956,5.996993523682873,-2.8159050236640257,48.34174384601811,0.6309381234937556,Inaceptable
3,NO2_alpha,ml,DNN,B,own,test,no2_high_met_one_ug_m3,-,False,tabla_maestra_no2alpha.csv,0.2416214255958018,2.0700898772929577e-09,5185,5185,0.24162142766589167,9.204053255012996,7.001806472587034,-4.598618052380524,48.048206388076885,0.665469733158485,Inaceptable
3,NO2_alpha,ml,DNN,B,intersection,test,no2_high_met_one_ug_m3,-,False,tabla_maestra_no2alpha.csv,0.2416214255958018,,5185,5185,0.24162142766589167,9.204053255012996,7.001806472587034,-4.598618052380524,48.048206388076885,0.665469733158485,Inaceptable
3,NO2_alpha,ml,DNN,B,own,full,no2_high_met_one_ug_m3,-,False,tabla_maestra_no2alpha.csv,0.2416214255958018,,22091,22091,0.5137088671992671,6.973142996596704,5.219444649261928,-1.1717288875972682,40.82717351975045,0.7262617529461043,Marginal
3,NO2_alpha,ml,DNN,B,intersection,full,no2_high_met_one_ug_m3,-,False,tabla_maestra_no2alpha.csv,0.2416214255958018,,22091,22091,0.5137088671992671,6.973142996596704,5.219444649261928,-1.1717288875972682,40.82717351975045,0.7262617529461043,Marginal
3,NO2_alpha,ml,RF,C,own,test,no2_high_met_one_ug_m3,-,False,tabla_maestra_no2alpha.csv,-0.0353778220270444,-2.7755575615628914e-17,5185,5185,-0.035377822027044425,10.754383642047756,7.825029904231316,-6.606440377430768,56.14144448026002,0.6696836111679961,Inaceptable
3,NO2_alpha,ml,RF,C,intersection,test,no2_high_met_one_ug_m3,-,False,tabla_maestra_no2alpha.csv,-0.0353778220270444,,5185,5185,-0.035377822027044425,10.754383642047756,7.825029904231316,-6.606440377430768,56.14144448026002,0.6696836111679961,Inaceptable
3,NO2_alpha,ml,RF,C,own,full,no2_high_met_one_ug_m3,-,False,tabla_maestra_no2alpha.csv,-0.0353778220270444,,22091,22091,0.5562097301538015,6.661457846088117,4.567123494140343,-1.5597856781818684,39.002282831354385,0.7658202311262768,Marginal
3,NO2_alpha,ml,RF,C,intersection,full,no2_high_met_one_ug_m3,-,False,tabla_maestra_no2alpha.csv,-0.0353778220270444,,22091,22091,0.5562097301538015,6.661457846088117,4.567123494140343,-1.5597856781818689,39.002282831354385,0.7658202311262768,Marginal
3,NO2_alpha,ml,LightGBM,C,own,test,no2_high_met_one_ug_m3,-,False,tabla_maestra_no2alpha.csv,-0.4668424921698701,-5.551115123125783e-17,5185,5185,-0.46684249216987017,12.800526621534903,9.57935067234154,-8.900130181833864,66.82298851895476,0.5660973206633191,Inaceptable
3,NO2_alpha,ml,LightGBM,C,intersection,test,no2_high_met_one_ug_m3,-,False,tabla_maestra_no2alpha.csv,-0.4668424921698701,,5185,5185,-0.46684249216987017,12.800526621534903,9.57935067234154,-8.900130181833864,66.82298851895476,0.5660973206633191,Inaceptable
3,NO2_alpha,ml,LightGBM,C,own,full,no2_high_met_one_ug_m3,-,False,tabla_maestra_no2alpha.csv,-0.4668424921698701,,22091,22091,0.3279023971488325,8.197785851948622,5.742236169825618,-2.7150715325769235,47.997355800477756,0.6346422794780574,Inaceptable
3,NO2_alpha,ml,LightGBM,C,intersection,full,no2_high_met_one_ug_m3,-,False,tabla_maestra_no2alpha.csv,-0.4668424921698701,,22091,22091,0.3279023971488325,8.197785851948622,5.742236169825618,-2.7150715325769235,47.997355800477756,0.6346422794780574,Inaceptable
3,NO2_alpha,ml,DNN,C,own,test,no2_high_met_one_ug_m3,-,False,tabla_maestra_no2alpha.csv,0.0820090357472251,1.88182688876104e-09,5185,5185,0.08200903762905198,10.126405140555507,7.676856390291838,-6.276499590915103,52.86318871500345,0.6724062257261469,Inaceptable
3,NO2_alpha,ml,DNN,C,intersection,test,no2_high_met_one_ug_m3,-,False,tabla_maestra_no2alpha.csv,0.0820090357472251,,5185,5185,0.08200903762905198,10.126405140555507,7.676856390291838,-6.276499590915103,52.86318871500345,0.6724062257261469,Inaceptable
3,NO2_alpha,ml,DNN,C,own,full,no2_high_met_one_ug_m3,-,False,tabla_maestra_no2alpha.csv,0.0820090357472251,,22091,22091,0.47140683385593884,7.270113114703977,5.3414924344040395,-1.4992555039329711,42.56590891468841,0.7044370149668885,Marginal
3,NO2_alpha,ml,DNN,C,intersection,full,no2_high_met_one_ug_m3,-,False,tabla_maestra_no2alpha.csv,0.0820090357472251,,22091,22091,0.47140683385593884,7.270113114703977,5.3414924344040395,-1.4992555039329711,42.56590891468841,0.7044370149668885,Marginal
3,NO2_alpha,ml,XGBoost,A,own,test,no2_high_met_one_ug_m3,-,False,tabla_maestra_no2alpha.csv,0.2347809937788224,5.551115123125783e-17,5185,5185,0.23478099377882244,9.245469498512794,6.871654731829576,-5.281660154070436,48.2644128962708,0.7078826464424809,Inaceptable
3,NO2_alpha,ml,XGBoost,A,intersection,test,no2_high_met_one_ug_m3,-,False,tabla_maestra_no2alpha.csv,0.2347809937788224,,5185,5185,0.23478099377882244,9.245469498512794,6.871654731829576,-5.281660154070436,48.2644128962708,0.7078826464424809,Inaceptable
3,NO2_alpha,ml,XGBoost,A,own,full,no2_high_met_one_ug_m3,-,False,tabla_maestra_no2alpha.csv,0.2347809937788224,,22091,22091,0.5252999008182011,6.889537323217258,5.0912342884450865,-1.243459935587834,40.337669240838615,0.7371290554370341,Marginal
3,NO2_alpha,ml,XGBoost,A,intersection,full,no2_high_met_one_ug_m3,-,False,tabla_maestra_no2alpha.csv,0.2347809937788224,,22091,22091,0.5252999008182011,6.889537323217258,5.0912342884450865,-1.243459935587834,40.337669240838615,0.7371290554370341,Marginal
3,NO2_alpha,ml,XGBoost,B,own,test,no2_high_met_one_ug_m3,-,False,tabla_maestra_no2alpha.csv,0.1011956564332656,6.938893903907228e-17,5185,5185,0.10119565643326567,10.020022050588139,7.362839084301528,-6.153750733345202,52.307833751127134,0.7062784280794434,Inaceptable
3,NO2_alpha,ml,XGBoost,B,intersection,test,no2_high_met_one_ug_m3,-,False,tabla_maestra_no2alpha.csv,0.1011956564332656,,5185,5185,0.10119565643326567,10.020022050588139,7.362839084301528,-6.153750733345202,52.307833751127134,0.7062784280794434,Inaceptable
3,NO2_alpha,ml,XGBoost,B,own,full,no2_high_met_one_ug_m3,-,False,tabla_maestra_no2alpha.csv,0.1011956564332656,,22091,22091,0.495463102534771,7.102755451403934,5.1813249828794845,-1.4493965720996542,41.586043685659604,0.7194655627283917,Marginal
3,NO2_alpha,ml,XGBoost,B,intersection,full,no2_high_met_one_ug_m3,-,False,tabla_maestra_no2alpha.csv,0.1011956564332656,,22091,22091,0.495463102534771,7.102755451403934,5.1813249828794845,-1.4493965720996542,41.586043685659604,0.7194655627283917,Marginal
3,NO2_alpha,ml,XGBoost,C,own,test,no2_high_met_one_ug_m3,-,False,tabla_maestra_no2alpha.csv,-0.2353162116215033,0.0,5185,5185,-0.2353162116215033,11.7469512506361,8.533044252855452,-7.599922587018578,61.322976137043696,0.5741603863085439,Inaceptable
3,NO2_alpha,ml,XGBoost,C,intersection,test,no2_high_met_one_ug_m3,-,False,tabla_maestra_no2alpha.csv,-0.2353162116215033,,5185,5185,-0.2353162116215033,11.7469512506361,8.533044252855452,-7.599922587018578,61.322976137043696,0.5741603863085439,Inaceptable
3,NO2_alpha,ml,XGBoost,C,own,full,no2_high_met_one_ug_m3,-,False,tabla_maestra_no2alpha.csv,-0.2353162116215033,,22091,22091,0.3981427976387871,7.757595434528176,5.52065204790927,-1.7913133099438414,45.42007743941057,0.6561005041305142,Inaceptable
3,NO2_alpha,ml,XGBoost,C,intersection,full,no2_high_met_one_ug_m3,-,False,tabla_maestra_no2alpha.csv,-0.2353162116215033,,22091,22091,0.3981427976387871,7.757595434528176,5.52065204790927,-1.7913133099438414,45.42007743941057,0.6561005041305142,Inaceptable
3,NO2_alpha,ml,LSTM,A,own,test,no2_high_met_one_ug_m3,-,False,tabla_maestra_no2alpha_lstm.csv,,,5185,0,,,,,,,n/a
3,NO2_alpha,ml,LSTM,A,intersection,test,no2_high_met_one_ug_m3,-,False,tabla_maestra_no2alpha_lstm.csv,,,5185,0,,,,,,,n/a
3,NO2_alpha,ml,LSTM,A,own,full,no2_high_met_one_ug_m3,-,False,tabla_maestra_no2alpha_lstm.csv,,,22091,0,,,,,,,n/a
3,NO2_alpha,ml,LSTM,A,intersection,full,no2_high_met_one_ug_m3,-,False,tabla_maestra_no2alpha_lstm.csv,,,22091,0,,,,,,,n/a
3,NO2_alpha,ml,LSTM,B,own,test,no2_high_met_one_ug_m3,-,False,tabla_maestra_no2alpha_lstm.csv,,,5185,0,,,,,,,n/a
3,NO2_alpha,ml,LSTM,B,intersection,test,no2_high_met_one_ug_m3,-,False,tabla_maestra_no2alpha_lstm.csv,,,5185,0,,,,,,,n/a
3,NO2_alpha,ml,LSTM,B,own,full,no2_high_met_one_ug_m3,-,False,tabla_maestra_no2alpha_lstm.csv,,,22091,0,,,,,,,n/a
3,NO2_alpha,ml,LSTM,B,intersection,full,no2_high_met_one_ug_m3,-,False,tabla_maestra_no2alpha_lstm.csv,,,22091,0,,,,,,,n/a
3,NO2_alpha,ml,LSTM,C,own,test,no2_high_met_one_ug_m3,-,False,tabla_maestra_no2alpha_lstm.csv,,,5185,0,,,,,,,n/a
3,NO2_alpha,ml,LSTM,C,intersection,test,no2_high_met_one_ug_m3,-,False,tabla_maestra_no2alpha_lstm.csv,,,5185,0,,,,,,,n/a
3,NO2_alpha,ml,LSTM,C,own,full,no2_high_met_one_ug_m3,-,False,tabla_maestra_no2alpha_lstm.csv,,,22091,0,,,,,,,n/a
3,NO2_alpha,ml,LSTM,C,intersection,full,no2_high_met_one_ug_m3,-,False,tabla_maestra_no2alpha_lstm.csv,,,22091,0,,,,,,,n/a
