node,gas,method,model,config,basis,period,ref_col,pred_col,clip_zero,source_table,orig_R2_test,repro_diff,n,n_scored,R2,RMSE,MAE,MBE,nRMSE,pearson_r,CEN_level
5,PM2.5,ols_train_only,-,-,own,test,pm2_5_high_met_one_ug_m3,c_hat_ols_PM2.5,False,-,,,3703,3703,0.5728692755903838,3.890979597306032,2.7126152651732562,1.0123949529966223,41.9260241192581,0.8012032966542582,Marginal
5,PM2.5,ols_train_only,-,-,configA,test,pm2_5_high_met_one_ug_m3,c_hat_ols_PM2.5,False,-,,,3701,3701,0.5728851220317719,3.8919497485205783,2.7136620425024116,1.0133611506570206,41.93701347795924,0.8012276416526258,Marginal
5,PM2.5,ols_train_only,-,-,intersection,test,pm2_5_high_met_one_ug_m3,c_hat_ols_PM2.5,False,-,,,3701,3701,0.5728851220317719,3.8919497485205783,2.7136620425024116,1.0133611506570206,41.93701347795924,0.8012276416526258,Marginal
5,PM2.5,ols_s6_full_period,-,-,own,test,pm2_5_high_met_one_ug_m3,pm2_5_low_sps30_ug_m3_ols,False,-,,,3703,3703,0.6223735833536224,3.6585562037754698,2.5003471552096457,0.46349696775599203,39.42161910778259,0.807424853442684,Marginal
5,PM2.5,ols_s6_full_period,-,-,configA,test,pm2_5_high_met_one_ug_m3,pm2_5_low_sps30_ug_m3_ols,False,-,,,3701,3701,0.6224059001072734,3.659379696223301,2.500988996629292,0.4644567713636171,39.43099617353026,0.8074502760134639,Marginal
5,PM2.5,ols_s6_full_period,-,-,intersection,test,pm2_5_high_met_one_ug_m3,pm2_5_low_sps30_ug_m3_ols,False,-,,,3701,3701,0.6224059001072734,3.659379696223301,2.500988996629292,0.4644567713636171,39.43099617353026,0.8074502760134639,Marginal
5,PM2.5,sps30_raw,-,-,own,test,pm2_5_high_met_one_ug_m3,pm2_5_low_sps30_ug_m3,False,-,,,3703,3703,0.18714627337329115,5.367656899935769,4.150640062553044,-0.8149411101608933,57.837494909102475,0.7848471374123376,Inaceptable
5,PM2.5,sps30_raw,-,-,configA,test,pm2_5_high_met_one_ug_m3,pm2_5_low_sps30_ug_m3,False,-,,,3701,3701,0.1873414473669176,5.368450208751586,4.151048136080497,-0.813546590360926,57.84678202634762,0.7848763881603915,Inaceptable
5,PM2.5,sps30_raw,-,-,intersection,test,pm2_5_high_met_one_ug_m3,pm2_5_low_sps30_ug_m3,False,-,,,3701,3701,0.1873414473669176,5.368450208751586,4.151048136080497,-0.813546590360926,57.84678202634762,0.7848763881603915,Inaceptable
5,PM2.5,ols_train_only,-,-,own,full,pm2_5_high_met_one_ug_m3,c_hat_ols_PM2.5,False,-,,,18817,18817,0.6294558445317013,3.3310676851087737,2.344310047621049,0.19922934107171553,35.95788169294549,0.7965526054703114,Marginal
5,PM2.5,ols_train_only,-,-,configA,full,pm2_5_high_met_one_ug_m3,c_hat_ols_PM2.5,False,-,,,18815,18815,0.6294595855574432,3.3312260995515435,2.3444768035317645,0.19933295873407456,35.959689189240436,0.7965554530512153,Marginal
5,PM2.5,ols_train_only,-,-,intersection,full,pm2_5_high_met_one_ug_m3,c_hat_ols_PM2.5,False,-,,,18815,18815,0.6294595855574432,3.3312260995515435,2.3444768035317645,0.19933295873407456,35.959689189240436,0.7965554530512153,Marginal
5,PM2.5,ols_s6_full_period,-,-,own,full,pm2_5_high_met_one_ug_m3,pm2_5_low_sps30_ug_m3_ols,False,-,,,18817,18817,0.6388344721030856,3.2886421543872353,2.3141754865893405,0.05869121421215743,35.49991074829455,0.8000013443325662,Marginal
5,PM2.5,ols_s6_full_period,-,-,configA,full,pm2_5_high_met_one_ug_m3,pm2_5_low_sps30_ug_m3_ols,False,-,,,18815,18815,0.6388420074045338,3.2887808444043327,2.3142819501427225,0.05883698203807996,35.50150408350498,0.8000061133884689,Marginal
5,PM2.5,ols_s6_full_period,-,-,intersection,full,pm2_5_high_met_one_ug_m3,pm2_5_low_sps30_ug_m3_ols,False,-,,,18815,18815,0.6388420074045338,3.2887808444043327,2.3142819501427225,0.05883698203807996,35.50150408350498,0.8000061133884689,Marginal
5,PM2.5,sps30_raw,-,-,own,full,pm2_5_high_met_one_ug_m3,pm2_5_low_sps30_ug_m3,False,-,,,18817,18817,0.09921468989724846,5.193667244051485,4.21486571710558,-3.086714598430388,56.064088144768895,0.7756226114936102,Inaceptable
5,PM2.5,sps30_raw,-,-,configA,full,pm2_5_high_met_one_ug_m3,pm2_5_low_sps30_ug_m3,False,-,,,18815,18815,0.09926003502298697,5.193809724709794,4.214952814178883,-3.0866817751084037,56.0657781330909,0.7756246785781871,Inaceptable
5,PM2.5,sps30_raw,-,-,intersection,full,pm2_5_high_met_one_ug_m3,pm2_5_low_sps30_ug_m3,False,-,,,18815,18815,0.09926003502298697,5.193809724709794,4.214952814178883,-3.0866817751084037,56.0657781330909,0.7756246785781871,Inaceptable
5,PM2.5,ml,RF,A,own,test,pm2_5_high_met_one_ug_m3,-,False,tabla_maestra_resultados.csv,0.5653298266281879,0.0,3701,3701,0.5653298266281879,3.9262214779376277,2.762630987713422,0.9381892100524164,42.30630241315737,0.7708212975925203,Marginal
5,PM2.5,ml,RF,A,intersection,test,pm2_5_high_met_one_ug_m3,-,False,tabla_maestra_resultados.csv,0.5653298266281879,,3701,3701,0.5653298266281879,3.9262214779376277,2.762630987713422,0.9381892100524164,42.30630241315737,0.7708212975925203,Marginal
5,PM2.5,ml,RF,A,own,full,pm2_5_high_met_one_ug_m3,-,False,tabla_maestra_resultados.csv,0.5653298266281879,,18815,18815,0.6693759462264184,3.146686973224349,2.2130109855576183,0.181953491878761,33.96763898680199,0.8232401724914273,Marginal
5,PM2.5,ml,RF,A,intersection,full,pm2_5_high_met_one_ug_m3,-,False,tabla_maestra_resultados.csv,0.5653298266281879,,18815,18815,0.6693759462264184,3.146686973224349,2.2130109855576183,0.18195349187876098,33.96763898680199,0.8232401724914273,Marginal
5,PM2.5,ml,LightGBM,A,own,test,pm2_5_high_met_one_ug_m3,-,False,tabla_maestra_resultados.csv,0.5355917314766417,0.0,3701,3701,0.5355917314766417,4.058306522510004,2.9435247849473734,1.279147255632658,43.7295613585161,0.766842154806673,Marginal
5,PM2.5,ml,LightGBM,A,intersection,test,pm2_5_high_met_one_ug_m3,-,False,tabla_maestra_resultados.csv,0.5355917314766417,,3701,3701,0.5355917314766417,4.058306522510004,2.9435247849473734,1.279147255632658,43.7295613585161,0.766842154806673,Marginal
5,PM2.5,ml,LightGBM,A,own,full,pm2_5_high_met_one_ug_m3,-,False,tabla_maestra_resultados.csv,0.5355917314766417,,18815,18815,0.6725145627703716,3.1317155965047276,2.210870637283788,0.34349535670294984,33.80602700446158,0.8225156861929848,Marginal
5,PM2.5,ml,LightGBM,A,intersection,full,pm2_5_high_met_one_ug_m3,-,False,tabla_maestra_resultados.csv,0.5355917314766417,,18815,18815,0.6725145627703716,3.1317155965047276,2.210870637283788,0.34349535670294984,33.80602700446158,0.8225156861929848,Marginal
5,PM2.5,ml,DNN,A,own,test,pm2_5_high_met_one_ug_m3,-,False,tabla_maestra_resultados.csv,0.4374646002442349,2.6850296985792e-09,3701,3701,0.4374646029292646,4.466525337022334,3.3198714327148666,1.8719575233119334,48.12825071278324,0.7647896257390407,Marginal
5,PM2.5,ml,DNN,A,intersection,test,pm2_5_high_met_one_ug_m3,-,False,tabla_maestra_resultados.csv,0.4374646002442349,,3701,3701,0.4374646029292646,4.466525337022334,3.3198714327148666,1.8719575233119334,48.12825071278324,0.7647896257390407,Marginal
5,PM2.5,ml,DNN,A,own,full,pm2_5_high_met_one_ug_m3,-,False,tabla_maestra_resultados.csv,0.4374646002442349,,18815,18815,0.6431653852405484,3.269036782909599,2.3178172640049044,0.3067725517000254,35.28837225352219,0.8052692835398992,Marginal
5,PM2.5,ml,DNN,A,intersection,full,pm2_5_high_met_one_ug_m3,-,False,tabla_maestra_resultados.csv,0.4374646002442349,,18815,18815,0.6431653852405484,3.269036782909599,2.3178172640049044,0.3067725517000254,35.28837225352219,0.8052692835398992,Marginal
5,PM2.5,ml,RF,B,own,test,pm2_5_high_met_one_ug_m3,-,False,tabla_maestra_resultados.csv,0.5850616521779539,0.0,3701,3701,0.5850616521779539,3.8360712142919406,2.711924641665106,0.929796565188042,41.33490425392166,0.7806715444700695,Marginal
5,PM2.5,ml,RF,B,intersection,test,pm2_5_high_met_one_ug_m3,-,False,tabla_maestra_resultados.csv,0.5850616521779539,,3701,3701,0.5850616521779539,3.8360712142919406,2.711924641665106,0.929796565188042,41.33490425392166,0.7806715444700696,Marginal
5,PM2.5,ml,RF,B,own,full,pm2_5_high_met_one_ug_m3,-,False,tabla_maestra_resultados.csv,0.5850616521779539,,18815,18815,0.679346138725299,3.098878550874008,2.182105995677044,0.1805706689893823,33.451559934534224,0.8258981222087441,Marginal
5,PM2.5,ml,RF,B,intersection,full,pm2_5_high_met_one_ug_m3,-,False,tabla_maestra_resultados.csv,0.5850616521779539,,18815,18815,0.679346138725299,3.098878550874008,2.182105995677044,0.18057066898938232,33.451559934534224,0.8258981222087441,Marginal
5,PM2.5,ml,LightGBM,B,own,test,pm2_5_high_met_one_ug_m3,-,False,tabla_maestra_resultados.csv,0.5627652978486392,0.0,3701,3701,0.5627652978486392,3.9377866838667237,2.8593141966575697,1.2633380454299425,42.43092123618,0.7799628563969303,Marginal
5,PM2.5,ml,LightGBM,B,intersection,test,pm2_5_high_met_one_ug_m3,-,False,tabla_maestra_resultados.csv,0.5627652978486392,,3701,3701,0.5627652978486392,3.9377866838667237,2.8593141966575697,1.2633380454299425,42.43092123618,0.7799628563969303,Marginal
5,PM2.5,ml,LightGBM,B,own,full,pm2_5_high_met_one_ug_m3,-,False,tabla_maestra_resultados.csv,0.5627652978486392,,18815,18815,0.6453040608658946,3.259225632031474,2.324071713152799,0.33539492060626536,35.182463520334245,0.8118934569297026,Marginal
5,PM2.5,ml,LightGBM,B,intersection,full,pm2_5_high_met_one_ug_m3,-,False,tabla_maestra_resultados.csv,0.5627652978486392,,18815,18815,0.6453040608658946,3.259225632031474,2.324071713152799,0.33539492060626536,35.182463520334245,0.8118934569297026,Marginal
5,PM2.5,ml,DNN,B,own,test,pm2_5_high_met_one_ug_m3,-,False,tabla_maestra_resultados.csv,0.5216073540567985,5.091692401038017e-09,3701,3701,0.5216073591484909,4.118955684321778,3.0769466820422844,1.3364510278513675,44.38307563302442,0.7685006051732879,Marginal
5,PM2.5,ml,DNN,B,intersection,test,pm2_5_high_met_one_ug_m3,-,False,tabla_maestra_resultados.csv,0.5216073540567985,,3701,3701,0.5216073591484909,4.118955684321778,3.0769466820422844,1.3364510278513675,44.38307563302442,0.7685006051732879,Marginal
5,PM2.5,ml,DNN,B,own,full,pm2_5_high_met_one_ug_m3,-,False,tabla_maestra_resultados.csv,0.5216073540567985,,18815,18815,0.6376459216123618,3.294222247639834,2.3494742897068157,0.09897441681540776,35.56024256695055,0.7991407591842788,Marginal
5,PM2.5,ml,DNN,B,intersection,full,pm2_5_high_met_one_ug_m3,-,False,tabla_maestra_resultados.csv,0.5216073540567985,,18815,18815,0.6376459216123618,3.294222247639834,2.3494742897068157,0.09897441681540776,35.56024256695055,0.7991407591842788,Marginal
5,PM2.5,ml,RF,C,own,test,pm2_5_high_met_one_ug_m3,-,False,tabla_maestra_resultados.csv,0.5797840303689652,0.0,3703,3703,0.5797840303689652,3.859355846563982,2.718693980911923,0.798203251301641,41.5852723617134,0.7758776867535038,Marginal
5,PM2.5,ml,RF,C,intersection,test,pm2_5_high_met_one_ug_m3,-,False,tabla_maestra_resultados.csv,0.5797840303689652,,3701,3701,0.579821674411464,3.860216807561817,2.719333570441683,0.7994641736509479,41.595080807017446,0.7759251408800236,Marginal
5,PM2.5,ml,RF,C,own,full,pm2_5_high_met_one_ug_m3,-,False,tabla_maestra_resultados.csv,0.5797840303689652,,18817,18817,0.6820040168305794,3.0858462980552726,2.181082812845476,0.15613273191028076,33.31078999208687,0.8264306031403275,Marginal
5,PM2.5,ml,RF,C,intersection,full,pm2_5_high_met_one_ug_m3,-,False,tabla_maestra_resultados.csv,0.5797840303689652,,18815,18815,0.6820128849649256,3.0859655979128244,2.1811514760670283,0.15631251041551614,33.31216808266864,0.8264372215199662,Marginal
5,PM2.5,ml,LightGBM,C,own,test,pm2_5_high_met_one_ug_m3,-,False,tabla_maestra_resultados.csv,0.5792303069091593,0.0,3703,3703,0.5792303069091593,3.8618977684531606,2.7762762940174137,1.0312937974024392,41.61266203975457,0.7826427069475853,Marginal
5,PM2.5,ml,LightGBM,C,intersection,test,pm2_5_high_met_one_ug_m3,-,False,tabla_maestra_resultados.csv,0.5792303069091593,,3701,3701,0.5792678085130082,3.8627601780893395,2.7770518734132694,1.0323308374036586,41.62248644454725,0.7826892847521957,Marginal
5,PM2.5,ml,LightGBM,C,own,full,pm2_5_high_met_one_ug_m3,-,False,tabla_maestra_resultados.csv,0.5792303069091593,,18817,18817,0.6704001981962416,3.1416438098927912,2.225074393858092,0.273693071424177,33.91310748277716,0.8207157307417083,Marginal
5,PM2.5,ml,LightGBM,C,intersection,full,pm2_5_high_met_one_ug_m3,-,False,tabla_maestra_resultados.csv,0.5792303069091593,,18815,18815,0.6704090211432887,3.141767024611736,2.2251683622632874,0.2738165305574515,33.91452946566788,0.8207226355461488,Marginal
5,PM2.5,ml,DNN,C,own,test,pm2_5_high_met_one_ug_m3,-,False,tabla_maestra_resultados.csv,0.5358923988262456,-7.121110146002252e-09,3703,3703,0.5358923917051355,4.055906095584551,2.8650214937999703,1.0282080561735487,43.70313761261012,0.7914233219746117,Marginal
5,PM2.5,ml,DNN,C,intersection,test,pm2_5_high_met_one_ug_m3,-,False,tabla_maestra_resultados.csv,0.5358923988262456,,3701,3701,0.5359102926177061,4.056914384791139,2.866097347570799,1.0292360821919517,43.71456062570823,0.7914485098543591,Marginal
5,PM2.5,ml,DNN,C,own,full,pm2_5_high_met_one_ug_m3,-,False,tabla_maestra_resultados.csv,0.5358923988262456,,18817,18817,0.6313650775168804,3.3224749201237804,2.337946075812064,0.09166937370561809,35.865125358954764,0.8012382352997098,Marginal
5,PM2.5,ml,DNN,C,intersection,full,pm2_5_high_met_one_ug_m3,-,False,tabla_maestra_resultados.csv,0.5358923988262456,,18815,18815,0.631369338277247,3.322630496755646,2.33810167429202,0.09177203889289752,35.86690197045146,0.8012408511416792,Marginal
5,PM2.5,ml,XGBoost,A,own,test,pm2_5_high_met_one_ug_m3,-,False,tabla_maestra_resultados.csv,0.6078683289123752,0.0,3701,3701,0.6078683289123752,3.7291584300238196,2.63014078507453,0.8689886317707918,40.18288452999725,0.7940559521936188,Marginal
5,PM2.5,ml,XGBoost,A,intersection,test,pm2_5_high_met_one_ug_m3,-,False,tabla_maestra_resultados.csv,0.6078683289123752,,3701,3701,0.6078683289123752,3.7291584300238196,2.63014078507453,0.8689886317707918,40.18288452999725,0.7940559521936188,Marginal
5,PM2.5,ml,XGBoost,A,own,full,pm2_5_high_met_one_ug_m3,-,False,tabla_maestra_resultados.csv,0.6078683289123752,,18815,18815,0.6933336847222605,3.0305353656773697,2.1239516816302686,0.1717757654354796,32.71381364400034,0.8335799398518208,Marginal
5,PM2.5,ml,XGBoost,A,intersection,full,pm2_5_high_met_one_ug_m3,-,False,tabla_maestra_resultados.csv,0.6078683289123752,,18815,18815,0.6933336847222605,3.0305353656773697,2.1239516816302686,0.1717757654354796,32.71381364400034,0.8335799398518208,Marginal
5,PM2.5,ml,LSTM,A,own,test,pm2_5_high_met_one_ug_m3,-,False,tabla_maestra_resultados.csv,0.5147492499978008,-1.4493580335894762e-08,3701,1907,0.5147492355042205,3.981224147926161,2.840120807391658,0.9315890888300127,41.354074024158116,0.735895318850261,Marginal
5,PM2.5,ml,LSTM,A,intersection,test,pm2_5_high_met_one_ug_m3,-,False,tabla_maestra_resultados.csv,0.5147492499978008,,3701,1907,0.5147492355042205,3.981224147926161,2.840120807391658,0.9315890888300127,41.354074024158116,0.735895318850261,Marginal
5,PM2.5,ml,LSTM,A,own,full,pm2_5_high_met_one_ug_m3,-,False,tabla_maestra_resultados.csv,0.5147492499978008,,18815,13138,0.6425239521999033,3.3506939751706635,2.1814697861290355,0.10987580532097783,36.12073014186258,0.8073430979831362,Marginal
5,PM2.5,ml,LSTM,A,intersection,full,pm2_5_high_met_one_ug_m3,-,False,tabla_maestra_resultados.csv,0.5147492499978008,,18815,13138,0.6425239521999033,3.3506939751706635,2.1814697861290355,0.10987580532097783,36.12073014186258,0.8073430979831362,Marginal
5,PM2.5,ml,XGBoost,B,own,test,pm2_5_high_met_one_ug_m3,-,False,tabla_maestra_resultados.csv,0.6186022494950483,0.0,3701,3701,0.6186022494950483,3.677764682121834,2.576183065727768,0.7592763974839886,39.629100324723865,0.7979458771833399,Marginal
5,PM2.5,ml,XGBoost,B,intersection,test,pm2_5_high_met_one_ug_m3,-,False,tabla_maestra_resultados.csv,0.6186022494950483,,3701,3701,0.6186022494950483,3.677764682121834,2.576183065727768,0.7592763974839886,39.629100324723865,0.7979458771833399,Marginal
5,PM2.5,ml,XGBoost,B,own,full,pm2_5_high_met_one_ug_m3,-,False,tabla_maestra_resultados.csv,0.6186022494950483,,18815,18815,0.6963900401484212,3.015395804171195,2.112561214765335,0.15048791891458407,32.5503861521538,0.835163400811575,Marginal
5,PM2.5,ml,XGBoost,B,intersection,full,pm2_5_high_met_one_ug_m3,-,False,tabla_maestra_resultados.csv,0.6186022494950483,,18815,18815,0.6963900401484212,3.015395804171195,2.112561214765335,0.15048791891458407,32.5503861521538,0.835163400811575,Marginal
5,PM2.5,ml,LSTM,B,own,test,pm2_5_high_met_one_ug_m3,-,False,tabla_maestra_resultados.csv,0.4021220479521236,-8.2927925637577e-09,3701,1907,0.402122039659331,4.419160627679079,3.2925484226708894,1.6229186455617104,45.90304110781635,0.7229328987901215,Marginal
5,PM2.5,ml,LSTM,B,intersection,test,pm2_5_high_met_one_ug_m3,-,False,tabla_maestra_resultados.csv,0.4021220479521236,,3701,1907,0.402122039659331,4.419160627679079,3.2925484226708894,1.6229186455617104,45.90304110781635,0.7229328987901215,Marginal
5,PM2.5,ml,LSTM,B,own,full,pm2_5_high_met_one_ug_m3,-,False,tabla_maestra_resultados.csv,0.4021220479521236,,18815,13138,0.6418394250623893,3.3539005452365394,2.236854491884949,0.18433230717009036,36.155297205548116,0.8019268022491812,Marginal
5,PM2.5,ml,LSTM,B,intersection,full,pm2_5_high_met_one_ug_m3,-,False,tabla_maestra_resultados.csv,0.4021220479521236,,18815,13138,0.6418394250623893,3.3539005452365394,2.236854491884949,0.18433230717009036,36.155297205548116,0.8019268022491812,Marginal
5,PM2.5,ml,XGBoost,C,own,test,pm2_5_high_met_one_ug_m3,-,False,tabla_maestra_resultados.csv,0.5995626044700328,0.0,3703,3703,0.5995626044700328,3.767435809495576,2.6353663880535954,0.7904457542466821,40.5948169777167,0.7932586445979425,Marginal
5,PM2.5,ml,XGBoost,C,intersection,test,pm2_5_high_met_one_ug_m3,-,False,tabla_maestra_resultados.csv,0.5995626044700328,,3701,3701,0.599607235883099,3.768235046947185,2.6360813430501655,0.7914952190783628,40.60394767738531,0.7933005722929989,Marginal
5,PM2.5,ml,XGBoost,C,own,full,pm2_5_high_met_one_ug_m3,-,False,tabla_maestra_resultados.csv,0.5995626044700328,,18817,18817,0.6907076370997445,3.043323165244843,2.140661611170307,0.15786798475348315,32.85176546201014,0.8315892768732336,Marginal
5,PM2.5,ml,XGBoost,C,intersection,full,pm2_5_high_met_one_ug_m3,-,False,tabla_maestra_resultados.csv,0.5995626044700328,,18815,18815,0.6907181213415634,3.0434316754181125,2.14074966000839,0.15800717762103905,32.85302583678057,0.8315963992208956,Marginal
5,PM2.5,ml,LSTM,C,own,test,pm2_5_high_met_one_ug_m3,-,False,tabla_maestra_resultados.csv,0.4449903851517638,-6.1856229027767995e-09,3703,1907,0.4449903789661409,4.257785427872653,3.1504372277682404,1.624070262308826,44.22679236861021,0.7340738834998263,Marginal
5,PM2.5,ml,LSTM,C,intersection,test,pm2_5_high_met_one_ug_m3,-,False,tabla_maestra_resultados.csv,0.4449903851517638,,3701,1907,0.4449903789661409,4.257785427872653,3.1504372277682404,1.624070262308826,44.22679236861021,0.7340738834998263,Marginal
5,PM2.5,ml,LSTM,C,own,full,pm2_5_high_met_one_ug_m3,-,False,tabla_maestra_resultados.csv,0.4449903851517638,,18817,13138,0.6800304443504905,3.1700464067080865,2.1626283583493695,0.2838188482212828,34.1733359245533,0.8261933623083931,Marginal
5,PM2.5,ml,LSTM,C,intersection,full,pm2_5_high_met_one_ug_m3,-,False,tabla_maestra_resultados.csv,0.4449903851517638,,18815,13138,0.6800304443504905,3.1700464067080865,2.1626283583493695,0.2838188482212828,34.1733359245533,0.8261933623083931,Marginal
5,PM2.5,ml,LSTM_v6,A,own,test,pm2_5_high_met_one_ug_m3,-,False,tabla_maestra_lstm_v6.csv,0.4391047060391568,-1.878685811751435e-06,3701,1907,0.43910282735334505,4.280309182907219,3.2065084649432563,1.4126442572679205,44.46075282860758,0.7081099971283511,Marginal
5,PM2.5,ml,LSTM_v6,A,intersection,test,pm2_5_high_met_one_ug_m3,-,False,tabla_maestra_lstm_v6.csv,0.4391047060391568,,3701,1907,0.43910282735334505,4.280309182907219,3.2065084649432563,1.4126442572679205,44.46075282860758,0.7081099971283511,Marginal
5,PM2.5,ml,LSTM_v6,A,own,full,pm2_5_high_met_one_ug_m3,-,False,tabla_maestra_lstm_v6.csv,0.4391047060391568,,18815,13138,0.7165534393711741,2.9836432000211404,2.0467063116689745,-0.02618887468385341,32.163895499313014,0.8467382746874337,Marginal
5,PM2.5,ml,LSTM_v6,A,intersection,full,pm2_5_high_met_one_ug_m3,-,False,tabla_maestra_lstm_v6.csv,0.4391047060391568,,18815,13138,0.7165534393711741,2.9836432000211404,2.0467063116689745,-0.02618887468385341,32.163895499313014,0.8467382746874337,Marginal
5,PM2.5,ml,LSTM_v6,B,own,test,pm2_5_high_met_one_ug_m3,-,False,tabla_maestra_lstm_v6.csv,0.3833564571856985,-2.4119486292495385e-05,3701,1907,0.383332337699406,4.488064635989252,3.336066870396839,1.764983296956951,46.61876605932514,0.714345621648818,Inaceptable
5,PM2.5,ml,LSTM_v6,B,intersection,test,pm2_5_high_met_one_ug_m3,-,False,tabla_maestra_lstm_v6.csv,0.3833564571856985,,3701,1907,0.383332337699406,4.488064635989252,3.336066870396839,1.764983296956951,46.61876605932514,0.714345621648818,Inaceptable
5,PM2.5,ml,LSTM_v6,B,own,full,pm2_5_high_met_one_ug_m3,-,False,tabla_maestra_lstm_v6.csv,0.3833564571856985,,18815,13138,0.6263443292815365,3.4256822679327548,2.273388717939981,0.5660905440587906,36.929109512443716,0.7978581705036166,Marginal
5,PM2.5,ml,LSTM_v6,B,intersection,full,pm2_5_high_met_one_ug_m3,-,False,tabla_maestra_lstm_v6.csv,0.3833564571856985,,18815,13138,0.6263443292815365,3.4256822679327548,2.273388717939981,0.5660905440587906,36.929109512443716,0.7978581705036166,Marginal
5,PM2.5,ml,LSTM_v6,C,own,test,pm2_5_high_met_one_ug_m3,-,False,tabla_maestra_lstm_v6.csv,0.4543415577408785,8.869438046565925e-06,3703,1907,0.45435042717892504,4.221729714167288,3.1469738207128453,1.557934265706823,43.85227171914057,0.7319199481706501,Marginal
5,PM2.5,ml,LSTM_v6,C,intersection,test,pm2_5_high_met_one_ug_m3,-,False,tabla_maestra_lstm_v6.csv,0.4543415577408785,,3701,1907,0.45435042717892504,4.221729714167288,3.1469738207128453,1.557934265706823,43.85227171914057,0.7319199481706501,Marginal
5,PM2.5,ml,LSTM_v6,C,own,full,pm2_5_high_met_one_ug_m3,-,False,tabla_maestra_lstm_v6.csv,0.4543415577408785,,18817,13138,0.7188423358801679,2.971571976820302,2.050464933458248,0.1952594405422655,32.03376681583708,0.8486912964555255,Marginal
5,PM2.5,ml,LSTM_v6,C,intersection,full,pm2_5_high_met_one_ug_m3,-,False,tabla_maestra_lstm_v6.csv,0.4543415577408785,,18815,13138,0.7188423358801679,2.971571976820302,2.050464933458248,0.1952594405422655,32.03376681583708,0.8486912964555255,Marginal
5,CO,ols_train_only,-,-,own,test,co_mid_alphasense_ug_m3_aan803,c_hat_ols_CO,False,-,,,7836,7836,0.11024386441240097,68.14464915884385,45.686019584554245,-17.442462138756056,38.005740129780804,0.41528408603283595,Inaceptable
5,CO,ols_train_only,-,-,configA,test,co_mid_alphasense_ug_m3_aan803,c_hat_ols_CO,False,-,,,7094,7094,0.08817572035205112,70.74337560791864,47.69850273613658,-19.980130582538692,38.70054761224574,0.4050493137645961,Inaceptable
5,CO,ols_train_only,-,-,intersection,test,co_mid_alphasense_ug_m3_aan803,c_hat_ols_CO,False,-,,,7094,7094,0.08817572035205112,70.74337560791864,47.69850273613658,-19.980130582538692,38.70054761224574,0.4050493137645961,Inaceptable
5,CO,ols_s6_full_period,-,-,own,test,co_mid_alphasense_ug_m3_aan803,co_low_mgsv2_ug_m3_ols,False,-,,,7836,7836,0.31979668540008965,59.582076684539814,41.55439486756849,-4.940091322455837,33.230208839829494,0.6202984583359541,Inaceptable
5,CO,ols_s6_full_period,-,-,configA,test,co_mid_alphasense_ug_m3_aan803,co_low_mgsv2_ug_m3_ols,False,-,,,7094,7094,0.30725536460084046,61.66188378813751,43.03741392787298,-7.181363707498388,33.73246821906622,0.6127531747722579,Inaceptable
5,CO,ols_s6_full_period,-,-,intersection,test,co_mid_alphasense_ug_m3_aan803,co_low_mgsv2_ug_m3_ols,False,-,,,7094,7094,0.30725536460084046,61.66188378813751,43.03741392787298,-7.181363707498388,33.73246821906622,0.6127531747722579,Inaceptable
5,CO,manufacturer_curve,-,-,own,test,co_mid_alphasense_ug_m3_aan803,co_low_mgsv2_ug_m3_curvas_fabricante,False,-,,,7836,7836,-355.01256807126714,1363.1038018532172,1209.738244710239,1209.738244710239,760.2323807169564,0.615434346709225,Inaceptable
5,CO,manufacturer_curve,-,-,configA,test,co_mid_alphasense_ug_m3_aan803,co_low_mgsv2_ug_m3_curvas_fabricante,False,-,,,7094,7094,-349.7999332324266,1387.5861418211714,1222.1501658609727,1222.1501658609727,759.0865305221835,0.616082426684154,Inaceptable
5,CO,manufacturer_curve,-,-,intersection,test,co_mid_alphasense_ug_m3_aan803,co_low_mgsv2_ug_m3_curvas_fabricante,False,-,,,7094,7094,-349.7999332324266,1387.5861418211714,1222.1501658609727,1222.1501658609727,759.0865305221835,0.616082426684154,Inaceptable
5,CO,ols_train_only,-,-,own,full,co_mid_alphasense_ug_m3_aan803,c_hat_ols_CO,False,-,,,23226,23226,0.22138680636583852,69.60992574732305,49.8652767265674,-5.884746978355832,33.0716221043636,0.4805250456071676,Inaceptable
5,CO,ols_train_only,-,-,configA,full,co_mid_alphasense_ug_m3_aan803,c_hat_ols_CO,False,-,,,20485,20485,0.20766535414201492,70.78442562194695,50.53443711277984,-7.600765231308168,33.26324487666035,0.46980327568977265,Inaceptable
5,CO,ols_train_only,-,-,intersection,full,co_mid_alphasense_ug_m3_aan803,c_hat_ols_CO,False,-,,,20485,20485,0.20766535414201492,70.78442562194695,50.53443711277984,-7.600765231308168,33.26324487666035,0.46980327568977265,Inaceptable
5,CO,ols_s6_full_period,-,-,own,full,co_mid_alphasense_ug_m3_aan803,co_low_mgsv2_ug_m3_ols,False,-,,,23226,23226,0.22953948751166176,69.24453191436311,50.38619514475008,-1.6803377407373936,32.898023775774945,0.4869122171327962,Inaceptable
5,CO,ols_s6_full_period,-,-,configA,full,co_mid_alphasense_ug_m3_aan803,co_low_mgsv2_ug_m3_ols,False,-,,,20485,20485,0.29357748848417475,66.83680087588603,48.3937240014528,-3.1351699129827098,31.408164363459505,0.5468429814197333,Inaceptable
5,CO,ols_s6_full_period,-,-,intersection,full,co_mid_alphasense_ug_m3_aan803,co_low_mgsv2_ug_m3_ols,False,-,,,20485,20485,0.29357748848417475,66.83680087588603,48.3937240014528,-3.1351699129827098,31.408164363459505,0.5468429814197333,Inaceptable
5,CO,manufacturer_curve,-,-,own,full,co_mid_alphasense_ug_m3_aan803,co_low_mgsv2_ug_m3_curvas_fabricante,False,-,,,23226,23226,-2527.6610583064835,3966.939722340405,1868.5546400272483,1868.5546400272483,1884.6900064833953,0.07391795863116302,Inaceptable
5,CO,manufacturer_curve,-,-,configA,full,co_mid_alphasense_ug_m3_aan803,co_low_mgsv2_ug_m3_curvas_fabricante,False,-,,,20485,20485,-947.5920577672284,2449.193686212798,1404.8687230014732,1404.8687230014732,1150.9329717525782,0.1857239881333349,Inaceptable
5,CO,manufacturer_curve,-,-,intersection,full,co_mid_alphasense_ug_m3_aan803,co_low_mgsv2_ug_m3_curvas_fabricante,False,-,,,20485,20485,-947.5920577672284,2449.193686212798,1404.8687230014732,1404.8687230014732,1150.9329717525782,0.1857239881333349,Inaceptable
5,CO,ml,RF,A,own,test,co_mid_alphasense_ug_m3_aan803,-,False,tabla_maestra_resultados.csv,0.576615607843973,1.1102230246251565e-16,7094,7094,0.5766156078439731,48.20561464895697,34.71570770265769,-4.311196707157158,26.37114314758125,0.7973462328233593,Marginal
5,CO,ml,RF,A,intersection,test,co_mid_alphasense_ug_m3_aan803,-,False,tabla_maestra_resultados.csv,0.576615607843973,,7094,7094,0.5766156078439733,48.20561464895697,34.71570770265768,-4.311196707157159,26.37114314758125,0.7973462328233596,Marginal
5,CO,ml,RF,A,own,full,co_mid_alphasense_ug_m3_aan803,-,False,tabla_maestra_resultados.csv,0.576615607843973,,20485,20485,0.855745795184754,30.202829408952756,17.306921191715215,-1.5560872553963137,14.193010704977752,0.9287271185503422,Excelente
5,CO,ml,RF,A,intersection,full,co_mid_alphasense_ug_m3_aan803,-,False,tabla_maestra_resultados.csv,0.576615607843973,,20485,20485,0.855745795184754,30.202829408952756,17.30692119171522,-1.5560872553963137,14.193010704977752,0.9287271185503422,Excelente
5,CO,ml,LightGBM,A,own,test,co_mid_alphasense_ug_m3_aan803,-,False,tabla_maestra_resultados.csv,0.5052597530845697,0.0,7094,7094,0.5052597530845697,52.109730068708146,38.780357525518625,3.4174729253472744,28.506910678991936,0.7587859127940865,Marginal
5,CO,ml,LightGBM,A,intersection,test,co_mid_alphasense_ug_m3_aan803,-,False,tabla_maestra_resultados.csv,0.5052597530845697,,7094,7094,0.5052597530845697,52.109730068708146,38.780357525518625,3.4174729253472744,28.506910678991936,0.7587859127940865,Marginal
5,CO,ml,LightGBM,A,own,full,co_mid_alphasense_ug_m3_aan803,-,False,tabla_maestra_resultados.csv,0.5052597530845697,,20485,20485,0.7096648601427129,42.84825998074763,31.240681453089465,1.6641155601118536,20.135392097276608,0.8542826980096455,Aceptable
5,CO,ml,LightGBM,A,intersection,full,co_mid_alphasense_ug_m3_aan803,-,False,tabla_maestra_resultados.csv,0.5052597530845697,,20485,20485,0.7096648601427129,42.84825998074763,31.240681453089465,1.6641155601118536,20.135392097276608,0.8542826980096455,Aceptable
5,CO,ml,DNN,A,own,test,co_mid_alphasense_ug_m3_aan803,-,False,tabla_maestra_resultados.csv,-1.7408841387746996,1.75436078997393e-08,7094,7094,-1.7408841212310917,122.65225583235008,105.70329836618833,95.28482713022814,67.09758229373901,0.3736681018396804,Inaceptable
5,CO,ml,DNN,A,intersection,test,co_mid_alphasense_ug_m3_aan803,-,False,tabla_maestra_resultados.csv,-1.7408841387746996,,7094,7094,-1.7408841212310917,122.65225583235008,105.70329836618833,95.28482713022814,67.09758229373901,0.3736681018396804,Inaceptable
5,CO,ml,DNN,A,own,full,co_mid_alphasense_ug_m3_aan803,-,False,tabla_maestra_resultados.csv,-1.7408841387746996,,20485,20485,-0.07567436899374846,82.47528013679879,60.33239321118362,25.704599049808596,38.757048819096454,0.4333492855713918,Inaceptable
5,CO,ml,DNN,A,intersection,full,co_mid_alphasense_ug_m3_aan803,-,False,tabla_maestra_resultados.csv,-1.7408841387746996,,20485,20485,-0.07567436899374846,82.47528013679879,60.33239321118362,25.704599049808596,38.757048819096454,0.4333492855713918,Inaceptable
5,CO,ml,RF,B,own,test,co_mid_alphasense_ug_m3_aan803,-,False,tabla_maestra_resultados.csv,0.5164742308781791,2.220446049250313e-16,7094,7094,0.5164742308781793,51.51574857897803,35.46289247077533,-12.58005089116492,28.181969880980027,0.7807942995617406,Marginal
5,CO,ml,RF,B,intersection,test,co_mid_alphasense_ug_m3_aan803,-,False,tabla_maestra_resultados.csv,0.5164742308781791,,7094,7094,0.5164742308781793,51.51574857897803,35.46289247077533,-12.58005089116492,28.181969880980027,0.7807942995617406,Marginal
5,CO,ml,RF,B,own,full,co_mid_alphasense_ug_m3_aan803,-,False,tabla_maestra_resultados.csv,0.5164742308781791,,20485,20485,0.7678543870042728,38.31454121429991,25.896799538969574,-4.400018673030315,18.00489239758698,0.8842350546833793,Aceptable
5,CO,ml,RF,B,intersection,full,co_mid_alphasense_ug_m3_aan803,-,False,tabla_maestra_resultados.csv,0.5164742308781791,,20485,20485,0.7678543870042729,38.3145412142999,25.896799538969574,-4.400018673030315,18.00489239758697,0.8842350546833793,Aceptable
5,CO,ml,LightGBM,B,own,test,co_mid_alphasense_ug_m3_aan803,-,False,tabla_maestra_resultados.csv,0.4292066233763182,1.1102230246251565e-16,7094,7094,0.4292066233763183,55.97185047388166,39.25946310134683,-4.442614617223082,30.619704609734377,0.6910419990492844,Marginal
5,CO,ml,LightGBM,B,intersection,test,co_mid_alphasense_ug_m3_aan803,-,False,tabla_maestra_resultados.csv,0.4292066233763182,,7094,7094,0.4292066233763183,55.97185047388166,39.25946310134683,-4.442614617223082,30.619704609734377,0.6910419990492844,Marginal
5,CO,ml,LightGBM,B,own,full,co_mid_alphasense_ug_m3_aan803,-,False,tabla_maestra_resultados.csv,0.4292066233763182,,20485,20485,0.7247686127204864,41.71885387354594,28.38797755286693,-0.30973489216804384,19.60465794807702,0.8587892111269282,Aceptable
5,CO,ml,LightGBM,B,intersection,full,co_mid_alphasense_ug_m3_aan803,-,False,tabla_maestra_resultados.csv,0.4292066233763182,,20485,20485,0.7247686127204864,41.71885387354594,28.38797755286693,-0.30973489216804384,19.60465794807702,0.8587892111269282,Aceptable
5,CO,ml,DNN,B,own,test,co_mid_alphasense_ug_m3_aan803,-,False,tabla_maestra_resultados.csv,-1.089801437904979,-6.027316867829313e-09,7094,7094,-1.0898014439322958,107.09833403295141,91.36719244766039,81.00797685492981,58.588724948693184,0.47004152983956105,Inaceptable
5,CO,ml,DNN,B,intersection,test,co_mid_alphasense_ug_m3_aan803,-,False,tabla_maestra_resultados.csv,-1.089801437904979,,7094,7094,-1.0898014439322958,107.09833403295141,91.36719244766039,81.00797685492981,58.588724948693184,0.47004152983956105,Inaceptable
5,CO,ml,DNN,B,own,full,co_mid_alphasense_ug_m3_aan803,-,False,tabla_maestra_resultados.csv,-1.089801437904979,,20485,20485,0.11617613397058169,74.75947648132868,55.595389096227024,22.21776147715635,35.131213557214245,0.5162299045673385,Inaceptable
5,CO,ml,DNN,B,intersection,full,co_mid_alphasense_ug_m3_aan803,-,False,tabla_maestra_resultados.csv,-1.089801437904979,,20485,20485,0.11617613397058169,74.75947648132868,55.595389096227024,22.21776147715635,35.131213557214245,0.5162299045673385,Inaceptable
5,CO,ml,RF,C,own,test,co_mid_alphasense_ug_m3_aan803,-,False,tabla_maestra_resultados.csv,0.0496888712303146,-2.0122792321330962e-16,7836,7836,0.0496888712303144,70.4253755785621,45.6628301187888,-21.831324987952538,39.27775042970745,0.3774229142682768,Inaceptable
5,CO,ml,RF,C,intersection,test,co_mid_alphasense_ug_m3_aan803,-,False,tabla_maestra_resultados.csv,0.0496888712303146,,7094,7094,0.02547006186439571,73.13542601113237,47.693160847064426,-24.463667747663365,40.009131769065405,0.36790849747217985,Inaceptable
5,CO,ml,RF,C,own,full,co_mid_alphasense_ug_m3_aan803,-,False,tabla_maestra_resultados.csv,0.0496888712303146,,23226,23226,0.39788077747582995,61.214109674544176,42.193318392660096,-7.381496292232765,29.082776355201702,0.6376806668268964,Inaceptable
5,CO,ml,RF,C,intersection,full,co_mid_alphasense_ug_m3_aan803,-,False,tabla_maestra_resultados.csv,0.0496888712303146,,20485,20485,0.3704647423661247,63.0947782294904,43.42414880496012,-8.998310244231895,29.649701049991954,0.619284390799037,Inaceptable
5,CO,ml,LightGBM,C,own,test,co_mid_alphasense_ug_m3_aan803,-,False,tabla_maestra_resultados.csv,0.1221039958533903,8.326672684688674e-17,7836,7836,0.12210399585339038,67.68895358451405,47.8112504050372,-5.089333410850437,37.751588882543494,0.3645499250690281,Inaceptable
5,CO,ml,LightGBM,C,intersection,test,co_mid_alphasense_ug_m3_aan803,-,False,tabla_maestra_resultados.csv,0.1221039958533903,,7094,7094,0.11162878498712936,69.82765247620746,49.11839667380099,-7.877664834285952,38.199596302615895,0.3576164215407815,Inaceptable
5,CO,ml,LightGBM,C,own,full,co_mid_alphasense_ug_m3_aan803,-,False,tabla_maestra_resultados.csv,0.1221039958533903,,23226,23226,0.3828916691971751,61.97135554094349,44.8974122429343,-0.9560178463343648,29.44254328304694,0.6291882761612808,Inaceptable
5,CO,ml,LightGBM,C,intersection,full,co_mid_alphasense_ug_m3_aan803,-,False,tabla_maestra_resultados.csv,0.1221039958533903,,20485,20485,0.3659231654303142,63.321957594657306,45.588184930984845,-2.9461292664074765,29.75645790770569,0.6146015275240087,Inaceptable
5,CO,ml,DNN,C,own,test,co_mid_alphasense_ug_m3_aan803,-,False,tabla_maestra_resultados.csv,0.0721024064174551,-7.455688011415162e-10,7836,7836,0.0721024056718863,69.58991220020913,47.73015605057482,-11.913724038144721,38.811794489841695,0.31629174322773707,Inaceptable
5,CO,ml,DNN,C,intersection,test,co_mid_alphasense_ug_m3_aan803,-,False,tabla_maestra_resultados.csv,0.0721024064174551,,7094,7094,0.056216325355432084,71.97247427242026,49.41076077351853,-14.409168118347557,39.37293270805065,0.30810426865093565,Inaceptable
5,CO,ml,DNN,C,own,full,co_mid_alphasense_ug_m3_aan803,-,False,tabla_maestra_resultados.csv,0.0721024064174551,,23226,23226,0.36658959110286404,62.784564934872186,44.78621608583085,-7.643467866053702,29.828898439714564,0.6133728307721481,Inaceptable
5,CO,ml,DNN,C,intersection,full,co_mid_alphasense_ug_m3_aan803,-,False,tabla_maestra_resultados.csv,0.0721024064174551,,20485,20485,0.3505729905105601,64.08384518241093,45.39420292529075,-9.389366999300075,30.11448657258871,0.6039350755139492,Inaceptable
5,CO,ml,XGBoost,A,own,test,co_mid_alphasense_ug_m3_aan803,-,False,tabla_maestra_resultados.csv,0.5701268377577746,2.220446049250313e-16,7094,7094,0.5701268377577748,48.57360858286802,34.76613351528432,-3.0129140039379054,26.572456226550976,0.7956423857786858,Marginal
5,CO,ml,XGBoost,A,intersection,test,co_mid_alphasense_ug_m3_aan803,-,False,tabla_maestra_resultados.csv,0.5701268377577746,,7094,7094,0.5701268377577748,48.57360858286802,34.76613351528432,-3.0129140039379054,26.572456226550976,0.7956423857786858,Marginal
5,CO,ml,XGBoost,A,own,full,co_mid_alphasense_ug_m3_aan803,-,False,tabla_maestra_resultados.csv,0.5701268377577746,,20485,20485,0.8542349178629305,30.360585314870047,17.681577173580724,-1.0461315066170527,14.267143867508342,0.9275151750899535,Excelente
5,CO,ml,XGBoost,A,intersection,full,co_mid_alphasense_ug_m3_aan803,-,False,tabla_maestra_resultados.csv,0.5701268377577746,,20485,20485,0.8542349178629305,30.360585314870047,17.681577173580724,-1.0461315066170527,14.267143867508342,0.9275151750899535,Excelente
5,CO,ml,LSTM,A,own,test,co_mid_alphasense_ug_m3_aan803,-,False,tabla_maestra_resultados.csv,0.0064623600058731,-1.0516304513839836e-08,7094,5006,0.006462349489568586,75.37820417946966,59.17090209493224,-57.51939250205068,41.02952693400624,0.7676257359551832,Inaceptable
5,CO,ml,LSTM,A,intersection,test,co_mid_alphasense_ug_m3_aan803,-,False,tabla_maestra_resultados.csv,0.0064623600058731,,7094,5006,0.006462349489568586,75.37820417946966,59.17090209493224,-57.51939250205068,41.02952693400624,0.7676257359551832,Inaceptable
5,CO,ml,LSTM,A,own,full,co_mid_alphasense_ug_m3_aan803,-,False,tabla_maestra_resultados.csv,0.0064623600058731,,20485,13005,0.5157953227072176,52.06427050636529,35.92309604013418,-25.277982399403207,25.213036096635143,0.8114475103125923,Marginal
5,CO,ml,LSTM,A,intersection,full,co_mid_alphasense_ug_m3_aan803,-,False,tabla_maestra_resultados.csv,0.0064623600058731,,20485,13005,0.5157953227072176,52.06427050636529,35.92309604013418,-25.277982399403207,25.213036096635143,0.8114475103125923,Marginal
5,CO,ml,XGBoost,B,own,test,co_mid_alphasense_ug_m3_aan803,-,False,tabla_maestra_resultados.csv,0.4795775876865604,1.6653345369377348e-16,7094,7094,0.47957758768656056,53.4451374703416,36.172777310367714,-14.618489732159418,29.237452546474945,0.7599062702793986,Marginal
5,CO,ml,XGBoost,B,intersection,test,co_mid_alphasense_ug_m3_aan803,-,False,tabla_maestra_resultados.csv,0.4795775876865604,,7094,7094,0.47957758768656056,53.4451374703416,36.172777310367714,-14.618489732159418,29.237452546474945,0.7599062702793986,Marginal
5,CO,ml,XGBoost,B,own,full,co_mid_alphasense_ug_m3_aan803,-,False,tabla_maestra_resultados.csv,0.4795775876865604,,20485,20485,0.8242507048145672,33.33728172243632,18.540739767758765,-5.062388514058576,15.665962614123307,0.9110757640401307,Excelente
5,CO,ml,XGBoost,B,intersection,full,co_mid_alphasense_ug_m3_aan803,-,False,tabla_maestra_resultados.csv,0.4795775876865604,,20485,20485,0.8242507048145672,33.33728172243632,18.540739767758765,-5.062388514058576,15.665962614123307,0.9110757640401307,Excelente
5,CO,ml,LSTM,B,own,test,co_mid_alphasense_ug_m3_aan803,-,False,tabla_maestra_resultados.csv,-0.1566675428714172,1.8478089003348686e-08,7094,5006,-0.1566675243933282,81.33133347024274,65.12948973590748,-60.42922764880341,44.269907641350315,0.7146085341777091,Inaceptable
5,CO,ml,LSTM,B,intersection,test,co_mid_alphasense_ug_m3_aan803,-,False,tabla_maestra_resultados.csv,-0.1566675428714172,,7094,5006,-0.1566675243933282,81.33133347024274,65.12948973590748,-60.42922764880341,44.269907641350315,0.7146085341777091,Inaceptable
5,CO,ml,LSTM,B,own,full,co_mid_alphasense_ug_m3_aan803,-,False,tabla_maestra_resultados.csv,-0.1566675428714172,,20485,13005,0.414349407578932,57.259109693836564,40.97538056996496,-25.55038459364523,27.728728080332772,0.7795990954916322,Marginal
5,CO,ml,LSTM,B,intersection,full,co_mid_alphasense_ug_m3_aan803,-,False,tabla_maestra_resultados.csv,-0.1566675428714172,,20485,13005,0.414349407578932,57.259109693836564,40.97538056996496,-25.55038459364523,27.728728080332772,0.7795990954916322,Marginal
5,CO,ml,XGBoost,C,own,test,co_mid_alphasense_ug_m3_aan803,-,False,tabla_maestra_resultados.csv,0.1095971975028217,1.3877787807814457e-17,7836,7836,0.10959719750282171,68.1694081259166,47.36373777902796,-7.786598654930243,38.019548739555226,0.3639959951072478,Inaceptable
5,CO,ml,XGBoost,C,intersection,test,co_mid_alphasense_ug_m3_aan803,-,False,tabla_maestra_resultados.csv,0.1095971975028217,,7094,7094,0.09605032895798504,70.43723967205126,48.76611238396911,-10.696999705771995,38.533074286863055,0.35557636804745446,Inaceptable
5,CO,ml,XGBoost,C,own,full,co_mid_alphasense_ug_m3_aan803,-,False,tabla_maestra_resultados.csv,0.1095971975028217,,23226,23226,0.3815405832202554,62.03915794035412,44.48407863704648,-2.6266924781170227,29.47475615078102,0.6298002344838104,Inaceptable
5,CO,ml,XGBoost,C,intersection,full,co_mid_alphasense_ug_m3_aan803,-,False,tabla_maestra_resultados.csv,0.1095971975028217,,20485,20485,0.36206842155655106,63.514142566698546,45.29716880762167,-4.446053460257358,29.846770087686707,0.613023667603113,Inaceptable
5,CO,ml,LSTM,C,own,test,co_mid_alphasense_ug_m3_aan803,-,False,tabla_maestra_resultados.csv,-0.3901968570266407,9.015419466518182e-09,7836,6004,-0.39019684801122123,84.29720225765139,55.89602027952989,-49.80486255225719,47.118256734016676,0.33092207685488123,Inaceptable
5,CO,ml,LSTM,C,intersection,test,co_mid_alphasense_ug_m3_aan803,-,False,tabla_maestra_resultados.csv,-0.3901968570266407,,7094,5006,-0.4277252193688683,90.35994070734151,61.11838538975369,-54.956772358899464,49.18431874789671,0.33650422367320537,Inaceptable
5,CO,ml,LSTM,C,own,full,co_mid_alphasense_ug_m3_aan803,-,False,tabla_maestra_resultados.csv,-0.3901968570266407,,23226,17807,0.2819852192465355,63.699348098807114,43.176129622838175,-17.198217482609696,30.89729005605425,0.6105749020292697,Inaceptable
5,CO,ml,LSTM,C,intersection,full,co_mid_alphasense_ug_m3_aan803,-,False,tabla_maestra_resultados.csv,-0.3901968570266407,,20485,13005,0.16317907541947185,68.44497403988346,46.18208009544306,-19.357041474300782,33.14567906775637,0.5537608328546235,Inaceptable
5,CO,ml,LSTM_v6,A,own,test,co_mid_alphasense_ug_m3_aan803,-,False,tabla_maestra_lstm_v6.csv,0.5735263614515911,6.412093333452162e-05,7094,5006,0.5735904823849256,49.381817106098346,35.049014280922066,-16.050176672343937,26.879289803466467,0.7960182715705493,Marginal
5,CO,ml,LSTM_v6,A,intersection,test,co_mid_alphasense_ug_m3_aan803,-,False,tabla_maestra_lstm_v6.csv,0.5735263614515911,,7094,5006,0.5735904823849256,49.381817106098346,35.049014280922066,-16.050176672343937,26.879289803466467,0.7960182715705493,Marginal
5,CO,ml,LSTM_v6,A,own,full,co_mid_alphasense_ug_m3_aan803,-,False,tabla_maestra_lstm_v6.csv,0.5735263614515911,,20485,13005,0.7687087946003542,35.98362045449478,23.84980616644375,-6.19703388456385,17.4256992863441,0.880750986870431,Aceptable
5,CO,ml,LSTM_v6,A,intersection,full,co_mid_alphasense_ug_m3_aan803,-,False,tabla_maestra_lstm_v6.csv,0.5735263614515911,,20485,13005,0.7687087946003542,35.98362045449478,23.84980616644375,-6.19703388456385,17.4256992863441,0.880750986870431,Aceptable
5,CO,ml,LSTM_v6,B,own,test,co_mid_alphasense_ug_m3_aan803,-,False,tabla_maestra_lstm_v6.csv,0.2603524835852179,-3.086962910447966e-05,7094,5006,0.2603216139561134,65.03918432723864,44.66525919328351,-36.04287960759361,35.40183789423636,0.74972216098377,Inaceptable
5,CO,ml,LSTM_v6,B,intersection,test,co_mid_alphasense_ug_m3_aan803,-,False,tabla_maestra_lstm_v6.csv,0.2603524835852179,,7094,5006,0.2603216139561134,65.03918432723864,44.66525919328351,-36.04287960759361,35.40183789423636,0.74972216098377,Inaceptable
5,CO,ml,LSTM_v6,B,own,full,co_mid_alphasense_ug_m3_aan803,-,False,tabla_maestra_lstm_v6.csv,0.2603524835852179,,20485,13005,0.4900793664589135,53.42894397224197,36.972815978578495,-20.437118255870296,25.87390315614887,0.7523106258931102,Marginal
5,CO,ml,LSTM_v6,B,intersection,full,co_mid_alphasense_ug_m3_aan803,-,False,tabla_maestra_lstm_v6.csv,0.2603524835852179,,20485,13005,0.4900793664589135,53.42894397224197,36.972815978578495,-20.437118255870296,25.87390315614887,0.7523106258931102,Marginal
5,CO,ml,LSTM_v6,C,own,test,co_mid_alphasense_ug_m3_aan803,-,False,tabla_maestra_lstm_v6.csv,-0.1425145331707393,-1.0444395109887594e-07,7836,6004,-0.1425146376146904,76.41980017154681,49.47083682780743,-34.25411056817749,42.71515148319604,0.305509612387756,Inaceptable
5,CO,ml,LSTM_v6,C,intersection,test,co_mid_alphasense_ug_m3_aan803,-,False,tabla_maestra_lstm_v6.csv,-0.1425145331707393,,7094,5006,-0.17493099353666453,81.97091858064765,54.250335238390555,-38.80489469845674,44.61804374779652,0.3062095924385139,Inaceptable
5,CO,ml,LSTM_v6,C,own,full,co_mid_alphasense_ug_m3_aan803,-,False,tabla_maestra_lstm_v6.csv,-0.1425145331707393,,23226,17807,0.28293755405473686,63.65709044863546,43.8775502778454,-15.835048417314288,30.8767930350735,0.5775867202871497,Inaceptable
5,CO,ml,LSTM_v6,C,intersection,full,co_mid_alphasense_ug_m3_aan803,-,False,tabla_maestra_lstm_v6.csv,-0.1425145331707393,,20485,13005,0.19477313301577748,67.1404775686937,46.22346109577746,-17.569290902808973,32.51395377330478,0.5230305565963278,Inaceptable
5,NO2,ols_train_only,-,-,own,test,no2_high_met_one_ug_m3,c_hat_ols_NO2,False,-,,,7971,7971,0.18615272404768624,12.89829939647687,9.413000767566853,-6.041747963190071,59.55495804388761,0.6053492880977047,Inaceptable
5,NO2,ols_train_only,-,-,configA,test,no2_high_met_one_ug_m3,c_hat_ols_NO2,False,-,,,7255,7255,0.1826826373185927,13.109170711105492,9.56850522580779,-6.190427700314301,59.54826402979217,0.6066991153275156,Inaceptable
5,NO2,ols_train_only,-,-,intersection,test,no2_high_met_one_ug_m3,c_hat_ols_NO2,False,-,,,7255,7255,0.1826826373185927,13.109170711105492,9.56850522580779,-6.190427700314301,59.54826402979217,0.6066991153275156,Inaceptable
5,NO2,ols_s6_full_period,-,-,own,test,no2_high_met_one_ug_m3,no2_low_mgsv2_ug_m3_ols,False,-,,,7971,7971,-0.6237864400672632,18.219038420816105,10.448100837017403,2.0983881691041026,84.12225793487576,0.6009566182629429,Inaceptable
5,NO2,ols_s6_full_period,-,-,configA,test,no2_high_met_one_ug_m3,no2_low_mgsv2_ug_m3_ols,False,-,,,7255,7255,-0.6969134988390067,18.889032278800038,10.783438760276125,2.3080158106154296,85.80322174402419,0.6033881465042542,Inaceptable
5,NO2,ols_s6_full_period,-,-,intersection,test,no2_high_met_one_ug_m3,no2_low_mgsv2_ug_m3_ols,False,-,,,7255,7255,-0.6969134988390067,18.889032278800038,10.783438760276125,2.3080158106154296,85.80322174402419,0.6033881465042542,Inaceptable
5,NO2,manufacturer_curve,-,-,own,test,no2_high_met_one_ug_m3,no2_low_mgsv2_ug_m3_curvas_fabricante,False,-,,,7971,7971,-511556.16553441825,10226.054021960526,7274.72370565764,7273.341770104751,47216.47401042165,0.7233543440696368,Inaceptable
5,NO2,manufacturer_curve,-,-,configA,test,no2_high_met_one_ug_m3,no2_low_mgsv2_ug_m3_curvas_fabricante,False,-,,,7255,7255,-533471.6081570848,10590.974417072339,7722.697085215524,7721.535812922055,48109.38501138898,0.7224873886072333,Inaceptable
5,NO2,manufacturer_curve,-,-,intersection,test,no2_high_met_one_ug_m3,no2_low_mgsv2_ug_m3_curvas_fabricante,False,-,,,7255,7255,-533471.6081570848,10590.974417072339,7722.697085215524,7721.535812922055,48109.38501138898,0.7224873886072333,Inaceptable
5,NO2,ols_train_only,-,-,own,full,no2_high_met_one_ug_m3,c_hat_ols_NO2,False,-,,,22922,22922,0.3359173937851976,10.051388848001437,7.168069105267189,-2.100984775088912,59.383115036715004,0.6041020335573185,Inaceptable
5,NO2,ols_train_only,-,-,configA,full,no2_high_met_one_ug_m3,c_hat_ols_NO2,False,-,,,20923,20832,0.3370533019063745,10.199868025577082,7.24459551069288,-2.2437435874885283,59.289214311096096,0.6076790957525309,Inaceptable
5,NO2,ols_train_only,-,-,intersection,full,no2_high_met_one_ug_m3,c_hat_ols_NO2,False,-,,,20832,20832,0.3370533019063745,10.199868025577082,7.24459551069288,-2.2437435874885283,59.289214311096096,0.6076790957525309,Inaceptable
5,NO2,ols_s6_full_period,-,-,own,full,no2_high_met_one_ug_m3,no2_low_mgsv2_ug_m3_ols,False,-,,,22922,22922,-0.4228154061327214,14.712595718136358,8.280870324150088,2.372156667478019,86.92129786546758,0.6198211029288184,Inaceptable
5,NO2,ols_s6_full_period,-,-,configA,full,no2_high_met_one_ug_m3,no2_low_mgsv2_ug_m3_ols,False,-,,,20923,20832,-0.46908423529951504,15.183734311790202,8.464128348454084,2.407583879202518,88.25914956909844,0.6239864368432078,Inaceptable
5,NO2,ols_s6_full_period,-,-,intersection,full,no2_high_met_one_ug_m3,no2_low_mgsv2_ug_m3_ols,False,-,,,20832,20832,-0.46908423529951504,15.183734311790202,8.464128348454084,2.407583879202518,88.25914956909844,0.6239864368432078,Inaceptable
5,NO2,manufacturer_curve,-,-,own,full,no2_high_met_one_ug_m3,no2_low_mgsv2_ug_m3_curvas_fabricante,False,-,,,22922,22922,-683588.7878631941,10197.948275829653,7308.049047080907,7306.229398137666,60248.980987584924,0.5759112377345108,Inaceptable
5,NO2,manufacturer_curve,-,-,configA,full,no2_high_met_one_ug_m3,no2_low_mgsv2_ug_m3_curvas_fabricante,False,-,,,20923,20832,-680792.1412406197,10336.245894933023,7450.720203238095,7448.908576090727,60081.94385458228,0.5910886226450394,Inaceptable
5,NO2,manufacturer_curve,-,-,intersection,full,no2_high_met_one_ug_m3,no2_low_mgsv2_ug_m3_curvas_fabricante,False,-,,,20832,20832,-680792.1412406197,10336.245894933023,7450.720203238095,7448.908576090727,60081.94385458228,0.5910886226450394,Inaceptable
5,NO2,ml,RF,A,own,test,no2_high_met_one_ug_m3,-,False,tabla_maestra_resultados.csv,0.2812846123236617,5.551115123125783e-17,7255,7255,0.28128461232366175,12.293012638378286,8.783459499889647,-6.921943763658428,55.840874945017084,0.7254486636575057,Inaceptable
5,NO2,ml,RF,A,intersection,test,no2_high_met_one_ug_m3,-,False,tabla_maestra_resultados.csv,0.2812846123236617,,7255,7255,0.28128461232366186,12.293012638378285,8.783459499889647,-6.9219437636584304,55.84087494501707,0.7254486636575056,Inaceptable
5,NO2,ml,RF,A,own,full,no2_high_met_one_ug_m3,-,False,tabla_maestra_resultados.csv,0.2812846123236617,,20923,20923,0.6526457003226954,7.383133763080451,3.795958629077239,-2.404934288007823,43.04299546489566,0.8350221859636086,Marginal
5,NO2,ml,RF,A,intersection,full,no2_high_met_one_ug_m3,-,False,tabla_maestra_resultados.csv,0.2812846123236617,,20832,20832,0.6511558587938453,7.398964836031254,3.8091608080313253,-2.4179677842577973,43.008283121281046,0.8343085047513996,Marginal
5,NO2,ml,LightGBM,A,own,test,no2_high_met_one_ug_m3,-,False,tabla_maestra_resultados.csv,0.3602723992911182,0.0,7255,7255,0.3602723992911182,11.59784768350402,8.21427793765559,-5.639250827672958,52.68309576970718,0.7361633250356904,Inaceptable
5,NO2,ml,LightGBM,A,intersection,test,no2_high_met_one_ug_m3,-,False,tabla_maestra_resultados.csv,0.3602723992911182,,7255,7255,0.3602723992911182,11.59784768350402,8.21427793765559,-5.639250827672958,52.68309576970718,0.7361633250356904,Inaceptable
5,NO2,ml,LightGBM,A,own,full,no2_high_met_one_ug_m3,-,False,tabla_maestra_resultados.csv,0.3602723992911182,,20923,20923,0.6240292817302906,7.681241298785915,4.859604535005845,-1.8308080979278771,44.78093516897978,0.8159073219010166,Marginal
5,NO2,ml,LightGBM,A,intersection,full,no2_high_met_one_ug_m3,-,False,tabla_maestra_resultados.csv,0.3602723992911182,,20832,20832,0.622720090050106,7.694618396091796,4.866680318624371,-1.8522017413053513,44.72684136539874,0.8152514305659193,Marginal
5,NO2,ml,DNN,A,own,test,no2_high_met_one_ug_m3,-,False,tabla_maestra_resultados.csv,0.4186906975906888,5.011210446603798e-09,7255,7255,0.4186907026018992,11.055629882058355,9.232023141007847,3.903388676725528,50.22007735964201,0.7070537711960032,Inaceptable
5,NO2,ml,DNN,A,intersection,test,no2_high_met_one_ug_m3,-,False,tabla_maestra_resultados.csv,0.4186906975906888,,7255,7255,0.4186907026018992,11.055629882058355,9.232023141007847,3.903388676725528,50.22007735964201,0.7070537711960032,Inaceptable
5,NO2,ml,DNN,A,own,full,no2_high_met_one_ug_m3,-,False,tabla_maestra_resultados.csv,0.4186906975906888,,20923,20923,0.5746605986793112,8.170002792076058,6.0754709381608905,0.9699453891545757,47.630370031490756,0.7685078914972981,Marginal
5,NO2,ml,DNN,A,intersection,full,no2_high_met_one_ug_m3,-,False,tabla_maestra_resultados.csv,0.4186906975906888,,20832,20832,0.5746995568150262,8.169644603421531,6.066820661895286,0.9389927498481239,47.48804675934465,0.7684685835025501,Marginal
5,NO2,ml,RF,B,own,test,no2_high_met_one_ug_m3,-,False,tabla_maestra_resultados.csv,0.3675086247797499,1.1102230246251565e-16,7255,7255,0.36750862477975,11.532067092366542,8.2411770626512,-6.088356296422117,52.38428815666939,0.7476029151535655,Inaceptable
5,NO2,ml,RF,B,intersection,test,no2_high_met_one_ug_m3,-,False,tabla_maestra_resultados.csv,0.3675086247797499,,7255,7255,0.36750862477975,11.532067092366542,8.2411770626512,-6.088356296422117,52.38428815666939,0.7476029151535655,Inaceptable
5,NO2,ml,RF,B,own,full,no2_high_met_one_ug_m3,-,False,tabla_maestra_resultados.csv,0.3675086247797499,,20832,20832,0.679035142308372,7.09715007335941,3.9243482185638277,-2.1247325218004955,41.25391138809471,0.8480166803051075,Marginal
5,NO2,ml,RF,B,intersection,full,no2_high_met_one_ug_m3,-,False,tabla_maestra_resultados.csv,0.3675086247797499,,20832,20832,0.679035142308372,7.09715007335941,3.9243482185638277,-2.1247325218004955,41.25391138809471,0.8480166803051074,Marginal
5,NO2,ml,LightGBM,B,own,test,no2_high_met_one_ug_m3,-,False,tabla_maestra_resultados.csv,0.3949306745642629,0.0,7255,7255,0.3949306745642629,11.279307190751295,8.083369859429116,-5.116893349665347,51.2361290786296,0.7298097677054631,Inaceptable
5,NO2,ml,LightGBM,B,intersection,test,no2_high_met_one_ug_m3,-,False,tabla_maestra_resultados.csv,0.3949306745642629,,7255,7255,0.3949306745642629,11.279307190751295,8.083369859429116,-5.116893349665347,51.2361290786296,0.7298097677054631,Inaceptable
5,NO2,ml,LightGBM,B,own,full,no2_high_met_one_ug_m3,-,False,tabla_maestra_resultados.csv,0.3949306745642629,,20832,20832,0.5701226811389062,8.213485832387587,5.69929822688301,-1.5871164893348984,47.742884568354754,0.7834966706337809,Marginal
5,NO2,ml,LightGBM,B,intersection,full,no2_high_met_one_ug_m3,-,False,tabla_maestra_resultados.csv,0.3949306745642629,,20832,20832,0.5701226811389062,8.213485832387587,5.69929822688301,-1.5871164893348984,47.742884568354754,0.7834966706337809,Marginal
5,NO2,ml,DNN,B,own,test,no2_high_met_one_ug_m3,-,False,tabla_maestra_resultados.csv,0.2673794759970656,2.969005263864233e-09,7255,7255,0.26737947896607084,12.41136066754612,10.367949068922574,5.272210401381237,56.37846956817059,0.6570840502369893,Inaceptable
5,NO2,ml,DNN,B,intersection,test,no2_high_met_one_ug_m3,-,False,tabla_maestra_resultados.csv,0.2673794759970656,,7255,7255,0.26737947896607084,12.41136066754612,10.367949068922574,5.272210401381237,56.37846956817059,0.6570840502369893,Inaceptable
5,NO2,ml,DNN,B,own,full,no2_high_met_one_ug_m3,-,False,tabla_maestra_resultados.csv,0.2673794759970656,,20832,20832,0.49992608436691977,8.858747996289056,6.517652963733619,1.5921723280336633,51.49362787468604,0.7404338147118689,Inaceptable
5,NO2,ml,DNN,B,intersection,full,no2_high_met_one_ug_m3,-,False,tabla_maestra_resultados.csv,0.2673794759970656,,20832,20832,0.49992608436691977,8.858747996289056,6.517652963733619,1.5921723280336633,51.49362787468604,0.7404338147118689,Inaceptable
5,NO2,ml,RF,C,own,test,no2_high_met_one_ug_m3,-,False,tabla_maestra_resultados.csv,0.2509217370146631,5.551115123125783e-17,7971,7971,0.25092173701466314,12.374412636362749,9.059710961490094,-6.7264080144265534,57.13603031866617,0.7085759144322473,Inaceptable
5,NO2,ml,RF,C,intersection,test,no2_high_met_one_ug_m3,-,False,tabla_maestra_resultados.csv,0.2509217370146631,,7255,7255,0.24640070845854267,12.587807629408635,9.24076312778731,-6.896181957112052,57.17997795522229,0.7071304360225024,Inaceptable
5,NO2,ml,RF,C,own,full,no2_high_met_one_ug_m3,-,False,tabla_maestra_resultados.csv,0.2509217370146631,,22922,22922,0.445281037211682,9.186530641044481,6.495906281891765,-2.339489856262572,54.273574935260896,0.7106422471095853,Inaceptable
5,NO2,ml,RF,C,intersection,full,no2_high_met_one_ug_m3,-,False,tabla_maestra_resultados.csv,0.2509217370146631,,20832,20832,0.4458527697067588,9.325407745403966,6.586222549442547,-2.4741364450930803,54.20620119487574,0.7128658762711121,Inaceptable
5,NO2,ml,LightGBM,C,own,test,no2_high_met_one_ug_m3,-,False,tabla_maestra_resultados.csv,0.2473199830929404,5.551115123125783e-17,7971,7971,0.24731998309294045,12.404126582455135,9.022778983162489,-6.2165029127748195,57.27322769317694,0.6916495840983858,Inaceptable
5,NO2,ml,LightGBM,C,intersection,test,no2_high_met_one_ug_m3,-,False,tabla_maestra_resultados.csv,0.2473199830929404,,7255,7255,0.24781371587663992,12.576000949695402,9.1327521756428,-6.349814302744994,57.12634624225031,0.6923654922287079,Inaceptable
5,NO2,ml,LightGBM,C,own,full,no2_high_met_one_ug_m3,-,False,tabla_maestra_resultados.csv,0.2473199830929404,,22922,22922,0.43180944666605636,9.297410925427172,6.526070138884146,-2.002445071231172,54.92865024697866,0.7174396412593382,Inaceptable
5,NO2,ml,LightGBM,C,intersection,full,no2_high_met_one_ug_m3,-,False,tabla_maestra_resultados.csv,0.2473199830929404,,20832,20832,0.435462151125971,9.412430417108546,6.569994524233606,-2.1466978835312633,54.71204164493637,0.7218024340664208,Inaceptable
5,NO2,ml,DNN,C,own,test,no2_high_met_one_ug_m3,-,False,tabla_maestra_resultados.csv,0.3501761857177111,-4.542207165947332e-10,7971,7971,0.35017618526349037,11.52547434018344,8.343253357236051,-4.590334942690507,53.216251202310886,0.6733910125108277,Inaceptable
5,NO2,ml,DNN,C,intersection,test,no2_high_met_one_ug_m3,-,False,tabla_maestra_resultados.csv,0.3501761857177111,,7255,7255,0.34904609770496586,11.699167904366876,8.497773617232447,-4.634079647090498,53.1433417605834,0.6721554711526406,Inaceptable
5,NO2,ml,DNN,C,own,full,no2_high_met_one_ug_m3,-,False,tabla_maestra_resultados.csv,0.3501761857177111,,22922,22922,0.4862242735864256,8.841008594965256,6.179837102771855,-1.6973409086920892,52.232247540577184,0.7114470295467323,Inaceptable
5,NO2,ml,DNN,C,intersection,full,no2_high_met_one_ug_m3,-,False,tabla_maestra_resultados.csv,0.3501761857177111,,20832,20832,0.4875905770242537,8.967343384162813,6.249005608317856,-1.799895318308001,52.12486498566618,0.7133162797959485,Inaceptable
5,NO2,ml,XGBoost,A,own,test,no2_high_met_one_ug_m3,-,False,tabla_maestra_resultados.csv,0.3044229609740068,0.0,7255,7255,0.3044229609740068,12.093512985891074,8.586435116321608,-6.23411182088083,54.934649963897854,0.7247275117422544,Inaceptable
5,NO2,ml,XGBoost,A,intersection,test,no2_high_met_one_ug_m3,-,False,tabla_maestra_resultados.csv,0.3044229609740068,,7255,7255,0.3044229609740068,12.093512985891074,8.586435116321608,-6.23411182088083,54.934649963897854,0.7247275117422544,Inaceptable
5,NO2,ml,XGBoost,A,own,full,no2_high_met_one_ug_m3,-,False,tabla_maestra_resultados.csv,0.3044229609740068,,20923,20923,0.5906971456291217,8.014506470784662,5.214352197696778,-2.1664905038600337,46.72384068136274,0.8158781354015717,Marginal
5,NO2,ml,XGBoost,A,intersection,full,no2_high_met_one_ug_m3,-,False,tabla_maestra_resultados.csv,0.3044229609740068,,20832,20832,0.5895233279574326,8.026006126196654,5.2178413755379145,-2.194689343350091,46.65311316626775,0.8153907964390029,Marginal
5,NO2,ml,LSTM,A,own,test,no2_high_met_one_ug_m3,-,False,tabla_maestra_resultados.csv,0.2039582100974396,6.3649116255337645e-09,7255,6031,0.20395821646235124,13.178390982527393,9.172105946925875,-6.947621679448346,57.79021014732982,0.6752843074541114,Inaceptable
5,NO2,ml,LSTM,A,intersection,test,no2_high_met_one_ug_m3,-,False,tabla_maestra_resultados.csv,0.2039582100974396,,7255,6031,0.20395821646235124,13.178390982527393,9.172105946925875,-6.947621679448346,57.79021014732982,0.6752843074541114,Inaceptable
5,NO2,ml,LSTM,A,own,full,no2_high_met_one_ug_m3,-,False,tabla_maestra_resultados.csv,0.2039582100974396,,20923,15700,0.4161083934461014,9.603919467410716,6.491642551905032,-2.4447440447321362,54.52924276742608,0.6828710698363838,Inaceptable
5,NO2,ml,LSTM,A,intersection,full,no2_high_met_one_ug_m3,-,False,tabla_maestra_resultados.csv,0.2039582100974396,,20832,15609,0.4151349059384315,9.616998031790484,6.497759476849925,-2.4616542858472283,54.71792117232926,0.6828466476093438,Inaceptable
5,NO2,ml,XGBoost,B,own,test,no2_high_met_one_ug_m3,-,False,tabla_maestra_resultados.csv,0.3728387707331809,5.551115123125783e-17,7255,7255,0.37283877073318095,11.48337263421879,8.1718840333004,-5.772759941240412,52.16309411514901,0.7463041340300943,Inaceptable
5,NO2,ml,XGBoost,B,intersection,test,no2_high_met_one_ug_m3,-,False,tabla_maestra_resultados.csv,0.3728387707331809,,7255,7255,0.37283877073318095,11.48337263421879,8.1718840333004,-5.772759941240412,52.16309411514901,0.7463041340300943,Inaceptable
5,NO2,ml,XGBoost,B,own,full,no2_high_met_one_ug_m3,-,False,tabla_maestra_resultados.csv,0.3728387707331809,,20832,20832,0.6217928381427978,7.704068238095527,5.071751755682005,-2.015414149370245,44.78177087099237,0.8296902212435375,Marginal
5,NO2,ml,XGBoost,B,intersection,full,no2_high_met_one_ug_m3,-,False,tabla_maestra_resultados.csv,0.3728387707331809,,20832,20832,0.6217928381427978,7.704068238095527,5.071751755682005,-2.015414149370245,44.78177087099237,0.8296902212435375,Marginal
5,NO2,ml,LSTM,B,own,test,no2_high_met_one_ug_m3,-,False,tabla_maestra_resultados.csv,-0.1084060763350385,-9.0763198346e-10,7255,6031,-0.10840607724267048,15.550483807285664,11.43402781278572,-10.143602095834654,68.19237100395539,0.6034432870486229,Inaceptable
5,NO2,ml,LSTM,B,intersection,test,no2_high_met_one_ug_m3,-,False,tabla_maestra_resultados.csv,-0.1084060763350385,,7255,6031,-0.10840607724267048,15.550483807285664,11.43402781278572,-10.143602095834654,68.19237100395539,0.6034432870486229,Inaceptable
5,NO2,ml,LSTM,B,own,full,no2_high_met_one_ug_m3,-,False,tabla_maestra_resultados.csv,-0.1084060763350385,,20832,15609,0.2906254423231672,10.591305127680155,6.894570488880565,-3.7137888000962884,60.26144511756672,0.6162589157964519,Inaceptable
5,NO2,ml,LSTM,B,intersection,full,no2_high_met_one_ug_m3,-,False,tabla_maestra_resultados.csv,-0.1084060763350385,,20832,15609,0.2906254423231672,10.591305127680155,6.894570488880565,-3.7137888000962884,60.26144511756672,0.6162589157964519,Inaceptable
5,NO2,ml,XGBoost,C,own,test,no2_high_met_one_ug_m3,-,False,tabla_maestra_resultados.csv,0.1237983584703044,0.0,7971,7971,0.1237983584703044,13.383294284623473,9.810655534481288,-7.426465735999603,61.794311413445804,0.7008741160185994,Inaceptable
5,NO2,ml,XGBoost,C,intersection,test,no2_high_met_one_ug_m3,-,False,tabla_maestra_resultados.csv,0.1237983584703044,,7255,7255,0.116140475587455,13.632373601568135,10.015583974127109,-7.65795931854879,61.924907415481414,0.6994443117335508,Inaceptable
5,NO2,ml,XGBoost,C,own,full,no2_high_met_one_ug_m3,-,False,tabla_maestra_resultados.csv,0.1237983584703044,,22922,22922,0.34317483312417707,9.996314567863875,7.0483513718426885,-2.583450581018301,59.0577388760242,0.6767161844016064,Inaceptable
5,NO2,ml,XGBoost,C,intersection,full,no2_high_met_one_ug_m3,-,False,tabla_maestra_resultados.csv,0.1237983584703044,,20832,20832,0.3425780584582432,10.157278113407939,7.142887966570584,-2.7606799925710384,59.04165008538699,0.6802126376214579,Inaceptable
5,NO2,ml,LSTM,C,own,test,no2_high_met_one_ug_m3,-,False,tabla_maestra_resultados.csv,0.3361225118419741,1.352579243052432e-08,7971,7202,0.33612252536776654,11.791190708464677,8.475464598333396,-6.212563210479156,52.36522114729857,0.7339501228895066,Inaceptable
5,NO2,ml,LSTM,C,intersection,test,no2_high_met_one_ug_m3,-,False,tabla_maestra_resultados.csv,0.3361225118419741,,7255,6031,0.3512602349781129,11.8967878149523,8.502554297791134,-6.07815703640449,52.17009184321771,0.7333430026463602,Inaceptable
5,NO2,ml,LSTM,C,own,full,no2_high_met_one_ug_m3,-,False,tabla_maestra_resultados.csv,0.3361225118419741,,22922,18529,0.4625966100215272,9.096573154149684,6.397486787169434,-2.2531048431727942,52.36112343409845,0.7139049227555415,Inaceptable
5,NO2,ml,LSTM,C,intersection,full,no2_high_met_one_ug_m3,-,False,tabla_maestra_resultados.csv,0.3361225118419741,,20832,15609,0.47446623637632057,9.11616101689854,6.374746757635386,-2.1618340355817325,51.86830425336439,0.7191027635692919,Inaceptable
5,NO2,ml,LSTM_v6,A,own,test,no2_high_met_one_ug_m3,-,False,tabla_maestra_lstm_v6.csv,-0.1409217057707057,2.773578583645242e-05,7255,6031,-0.14089396998486925,15.776733829684071,11.898413022409285,-11.035311781021912,69.18452826788673,0.6565537891149092,Inaceptable
5,NO2,ml,LSTM_v6,A,intersection,test,no2_high_met_one_ug_m3,-,False,tabla_maestra_lstm_v6.csv,-0.1409217057707057,,7255,6031,-0.14089396998486925,15.776733829684071,11.898413022409285,-11.035311781021912,69.18452826788673,0.6565537891149092,Inaceptable
5,NO2,ml,LSTM_v6,A,own,full,no2_high_met_one_ug_m3,-,False,tabla_maestra_lstm_v6.csv,-0.1409217057707057,,20923,15700,0.26466144887954046,10.777699263165479,7.192528606420869,-4.417541002285708,61.193742991048595,0.6231264290816176,Inaceptable
5,NO2,ml,LSTM_v6,A,intersection,full,no2_high_met_one_ug_m3,-,False,tabla_maestra_lstm_v6.csv,-0.1409217057707057,,20832,15609,0.26280386450504056,10.79700247282989,7.205265543271291,-4.425181195108,61.43180317317351,0.6218745838560554,Inaceptable
5,NO2,ml,LSTM_v6,B,own,test,no2_high_met_one_ug_m3,-,False,tabla_maestra_lstm_v6.csv,0.5484896739794103,6.573713434709916e-07,7255,6031,0.5484903313507538,9.924942139484276,7.490345327029119,-0.015537398427976705,43.52310480857244,0.7627835106328165,Marginal
5,NO2,ml,LSTM_v6,B,intersection,test,no2_high_met_one_ug_m3,-,False,tabla_maestra_lstm_v6.csv,0.5484896739794103,,7255,6031,0.5484903313507538,9.924942139484276,7.490345327029119,-0.015537398427976705,43.52310480857244,0.7627835106328165,Marginal
5,NO2,ml,LSTM_v6,B,own,full,no2_high_met_one_ug_m3,-,False,tabla_maestra_lstm_v6.csv,0.5484896739794103,,20832,15609,0.5999822127467289,7.953372575952728,5.8352396183098225,0.5156651830602956,45.2523762848398,0.7783567968293383,Marginal
5,NO2,ml,LSTM_v6,B,intersection,full,no2_high_met_one_ug_m3,-,False,tabla_maestra_lstm_v6.csv,0.5484896739794103,,20832,15609,0.5999822127467289,7.953372575952728,5.8352396183098225,0.5156651830602956,45.2523762848398,0.7783567968293383,Marginal
5,NO2,ml,LSTM_v6,C,own,test,no2_high_met_one_ug_m3,-,False,tabla_maestra_lstm_v6.csv,0.4326507333996435,1.4448101486597142e-05,7971,7202,0.4326651815011301,10.900173630575463,7.883830196385383,-4.698560435121108,48.40817325592714,0.7431339582738129,Marginal
5,NO2,ml,LSTM_v6,C,intersection,test,no2_high_met_one_ug_m3,-,False,tabla_maestra_lstm_v6.csv,0.4326507333996435,,7255,6031,0.44370852033411223,11.016551279014946,7.913136015901359,-4.499275450800568,48.31005654310997,0.741600071775592,Marginal
5,NO2,ml,LSTM_v6,C,own,full,no2_high_met_one_ug_m3,-,False,tabla_maestra_lstm_v6.csv,0.4326507333996435,,22922,18529,0.5229517079132182,8.570551882107976,6.094721167350949,-1.5703718451057764,49.3332728042409,0.7419348741885409,Marginal
5,NO2,ml,LSTM_v6,C,intersection,full,no2_high_met_one_ug_m3,-,False,tabla_maestra_lstm_v6.csv,0.4326507333996435,,20832,15609,0.5320347779257201,8.602376872938445,6.076168784995016,-1.4674760203593988,48.94502193638059,0.7456281271136549,Marginal
5,O3,ols_train_only,-,-,own,test,o3_mid_alphasense_ug_m3_aan803,c_hat_ols_O3,False,-,,,7836,7836,-71.90027989207482,148.05483756598085,81.1479085205843,-74.39119191913655,458.46643032772977,-0.06222477880379757,Inaceptable
5,O3,ols_train_only,-,-,configA,test,o3_mid_alphasense_ug_m3_aan803,c_hat_ols_O3,False,-,,,7094,7094,-76.99123753842638,155.23704419670688,86.77454178000261,-79.79337869257644,488.7737482879279,-0.07749482756789203,Inaceptable
5,O3,ols_train_only,-,-,intersection,test,o3_mid_alphasense_ug_m3_aan803,c_hat_ols_O3,False,-,,,7094,7094,-76.99123753842638,155.23704419670688,86.77454178000261,-79.79337869257644,488.7737482879279,-0.07749482756789203,Inaceptable
5,O3,ols_s6_full_period,-,-,own,test,o3_mid_alphasense_ug_m3_aan803,o3_low_mq131_ug_m3_ols,False,-,,,7836,7836,-12.368524218230807,63.401529927218526,38.2227923037197,19.88223893886913,196.32910062864138,0.04682001720346324,Inaceptable
5,O3,ols_s6_full_period,-,-,configA,test,o3_mid_alphasense_ug_m3_aan803,o3_low_mq131_ug_m3_ols,False,-,,,7094,7094,-13.205961530137053,66.25333987636566,40.3463587326884,22.678425662781482,208.6028720498676,0.06463735097516486,Inaceptable
5,O3,ols_s6_full_period,-,-,intersection,test,o3_mid_alphasense_ug_m3_aan803,o3_low_mq131_ug_m3_ols,False,-,,,7094,7094,-13.205961530137053,66.25333987636566,40.3463587326884,22.678425662781482,208.6028720498676,0.06463735097516486,Inaceptable
5,O3,manufacturer_curve,-,-,own,test,o3_mid_alphasense_ug_m3_aan803,o3_low_mq131_ug_m3_curvas_fabricante,False,-,,,7836,7836,-1973.9990020086743,770.6220732658511,313.73565272975816,298.6320282060846,2386.3073768494623,0.013979650494056544,Inaceptable
5,O3,manufacturer_curve,-,-,configA,test,o3_mid_alphasense_ug_m3_aan803,o3_low_mq131_ug_m3_curvas_fabricante,False,-,,,7094,7094,-2121.809556579134,809.8936169541564,344.6386488425671,331.4944461783773,2550.0017790312177,0.028548771447754084,Inaceptable
5,O3,manufacturer_curve,-,-,intersection,test,o3_mid_alphasense_ug_m3_aan803,o3_low_mq131_ug_m3_curvas_fabricante,False,-,,,7094,7094,-2121.809556579134,809.8936169541564,344.6386488425671,331.4944461783773,2550.0017790312177,0.028548771447754084,Inaceptable
5,O3,ols_train_only,-,-,own,full,o3_mid_alphasense_ug_m3_aan803,c_hat_ols_O3,False,-,,,22479,22479,-3.454224040221427,91.38593744983953,44.63053875327418,-25.93217580312087,152.73550029041976,0.4144772962613221,Inaceptable
5,O3,ols_train_only,-,-,configA,full,o3_mid_alphasense_ug_m3_aan803,c_hat_ols_O3,False,-,,,20485,20485,-3.822462786958531,95.28626974824282,46.77636281395834,-27.185055243433528,159.9930524739767,0.40576261086863297,Inaceptable
5,O3,ols_train_only,-,-,intersection,full,o3_mid_alphasense_ug_m3_aan803,c_hat_ols_O3,False,-,,,20485,20485,-3.822462786958531,95.28626974824282,46.77636281395834,-27.185055243433528,159.9930524739767,0.40576261086863297,Inaceptable
5,O3,ols_s6_full_period,-,-,own,full,o3_mid_alphasense_ug_m3_aan803,o3_low_mq131_ug_m3_ols,False,-,,,22479,22479,-0.15131382336904764,46.461176405698545,29.616809675636496,7.828615384635447,77.65167399306767,0.4141336854365927,Inaceptable
5,O3,ols_s6_full_period,-,-,configA,full,o3_mid_alphasense_ug_m3_aan803,o3_low_mq131_ug_m3_ols,False,-,,,20485,20485,-0.22204201897817977,47.96660187505572,30.624084258345217,9.303823528123718,80.53965247113331,0.39266639555943816,Inaceptable
5,O3,ols_s6_full_period,-,-,intersection,full,o3_mid_alphasense_ug_m3_aan803,o3_low_mq131_ug_m3_ols,False,-,,,20485,20485,-0.22204201897817977,47.96660187505572,30.624084258345217,9.303823528123718,80.53965247113331,0.39266639555943816,Inaceptable
5,O3,manufacturer_curve,-,-,own,full,o3_mid_alphasense_ug_m3_aan803,o3_low_mq131_ug_m3_curvas_fabricante,False,-,,,22479,22479,-111.13566785507264,458.52733321644337,144.91530291016016,69.67217754100692,766.3476853217797,-0.15201926316819472,Inaceptable
5,O3,manufacturer_curve,-,-,configA,full,o3_mid_alphasense_ug_m3_aan803,o3_low_mq131_ug_m3_curvas_fabricante,False,-,,,20485,20485,-121.35476228514362,479.9614115033033,154.8199105939498,80.53545207492523,805.8925121008634,-0.1576520768684744,Inaceptable
5,O3,manufacturer_curve,-,-,intersection,full,o3_mid_alphasense_ug_m3_aan803,o3_low_mq131_ug_m3_curvas_fabricante,False,-,,,20485,20485,-121.35476228514362,479.9614115033033,154.8199105939498,80.53545207492523,805.8925121008634,-0.1576520768684744,Inaceptable
5,O3,ml,RF,A,own,test,o3_mid_alphasense_ug_m3_aan803,-,False,tabla_maestra_resultados.csv,-0.7733806199310127,0.0,7094,7094,-0.7733806199310127,23.408492067381477,20.718812451644883,19.65064851880549,73.70313232094499,0.738283210085028,Inaceptable
5,O3,ml,RF,A,intersection,test,o3_mid_alphasense_ug_m3_aan803,-,False,tabla_maestra_resultados.csv,-0.7733806199310127,,7094,7094,-0.7733806199310127,23.408492067381477,20.71881245164489,19.65064851880549,73.70313232094499,0.7382832100850283,Inaceptable
5,O3,ml,RF,A,own,full,o3_mid_alphasense_ug_m3_aan803,-,False,tabla_maestra_resultados.csv,-0.7733806199310127,,20485,20485,0.8845510479210977,14.743170249833428,10.087235361129583,6.79592086362353,24.754928675942534,0.9558272617797557,Aceptable
5,O3,ml,RF,A,intersection,full,o3_mid_alphasense_ug_m3_aan803,-,False,tabla_maestra_resultados.csv,-0.7733806199310127,,20485,20485,0.8845510479210977,14.743170249833428,10.087235361129583,6.79592086362353,24.754928675942534,0.9558272617797557,Aceptable
5,O3,ml,LightGBM,A,own,test,o3_mid_alphasense_ug_m3_aan803,-,False,tabla_maestra_resultados.csv,-1.3646421957003487,0.0,7094,7094,-1.3646421957003487,27.030568305500942,25.183136857987407,24.850460984923664,85.10747069038067,0.8026873893240696,Inaceptable
5,O3,ml,LightGBM,A,intersection,test,o3_mid_alphasense_ug_m3_aan803,-,False,tabla_maestra_resultados.csv,-1.3646421957003487,,7094,7094,-1.3646421957003487,27.030568305500942,25.183136857987407,24.850460984923664,85.10747069038067,0.8026873893240696,Inaceptable
5,O3,ml,LightGBM,A,own,full,o3_mid_alphasense_ug_m3_aan803,-,False,tabla_maestra_resultados.csv,-1.3646421957003487,,20485,20485,0.8027549356536499,19.270765001435144,15.378730409648412,9.364397427825946,32.35711214463974,0.9269822968757283,Marginal
5,O3,ml,LightGBM,A,intersection,full,o3_mid_alphasense_ug_m3_aan803,-,False,tabla_maestra_resultados.csv,-1.3646421957003487,,20485,20485,0.8027549356536499,19.270765001435144,15.378730409648412,9.364397427825946,32.35711214463974,0.9269822968757283,Marginal
5,O3,ml,DNN,A,own,test,o3_mid_alphasense_ug_m3_aan803,-,False,tabla_maestra_resultados.csv,-3.000264704585637,1.1284804646294333e-08,7094,7094,-3.0002646933008323,35.157405950436186,30.4759920037258,29.178411431954416,110.6953380579732,0.4944860209657228,Inaceptable
5,O3,ml,DNN,A,intersection,test,o3_mid_alphasense_ug_m3_aan803,-,False,tabla_maestra_resultados.csv,-3.000264704585637,,7094,7094,-3.0002646933008323,35.157405950436186,30.4759920037258,29.178411431954416,110.6953380579732,0.4944860209657228,Inaceptable
5,O3,ml,DNN,A,own,full,o3_mid_alphasense_ug_m3_aan803,-,False,tabla_maestra_resultados.csv,-3.000264704585637,,20485,20485,0.6135892536450307,26.972455237938426,20.769785622998487,5.59999368715087,45.288848620449336,0.7950043729777017,Marginal
5,O3,ml,DNN,A,intersection,full,o3_mid_alphasense_ug_m3_aan803,-,False,tabla_maestra_resultados.csv,-3.000264704585637,,20485,20485,0.6135892536450307,26.972455237938426,20.769785622998487,5.59999368715087,45.288848620449336,0.7950043729777017,Marginal
5,O3,ml,XGBoost,A,own,test,o3_mid_alphasense_ug_m3_aan803,-,False,tabla_maestra_resultados.csv,-0.7449321478122826,0.0,7094,7094,-0.7449321478122826,23.219974105771534,20.866331419592022,20.179249811954698,73.10957147860549,0.7762433133639232,Inaceptable
5,O3,ml,XGBoost,A,intersection,test,o3_mid_alphasense_ug_m3_aan803,-,False,tabla_maestra_resultados.csv,-0.7449321478122826,,7094,7094,-0.7449321478122826,23.219974105771534,20.866331419592022,20.179249811954698,73.10957147860549,0.7762433133639232,Inaceptable
5,O3,ml,XGBoost,A,own,full,o3_mid_alphasense_ug_m3_aan803,-,False,tabla_maestra_resultados.csv,-0.7449321478122826,,20485,20485,0.8529183047779717,16.64083814293398,13.006630217538671,6.9772660193106795,27.94126055356981,0.9412041173549848,Aceptable
5,O3,ml,XGBoost,A,intersection,full,o3_mid_alphasense_ug_m3_aan803,-,False,tabla_maestra_resultados.csv,-0.7449321478122826,,20485,20485,0.8529183047779717,16.64083814293398,13.006630217538671,6.9772660193106795,27.94126055356981,0.9412041173549848,Aceptable
5,O3,ml,RF,B,own,test,o3_mid_alphasense_ug_m3_aan803,-,False,tabla_maestra_resultados.csv,-0.6732351906875669,0.0,7094,7094,-0.6732351906875669,22.73793151318818,20.30404037797382,19.491976319113682,71.59182958890004,0.75821709113607,Inaceptable
5,O3,ml,RF,B,intersection,test,o3_mid_alphasense_ug_m3_aan803,-,False,tabla_maestra_resultados.csv,-0.6732351906875669,,7094,7094,-0.6732351906875669,22.73793151318818,20.30404037797382,19.491976319113682,71.59182958890004,0.75821709113607,Inaceptable
5,O3,ml,RF,B,own,full,o3_mid_alphasense_ug_m3_aan803,-,False,tabla_maestra_resultados.csv,-0.6732351906875669,,20485,20485,0.8687463378194522,15.719965838702185,12.00912163332771,6.737671009629486,26.39504438536362,0.9490545074812518,Aceptable
5,O3,ml,RF,B,intersection,full,o3_mid_alphasense_ug_m3_aan803,-,False,tabla_maestra_resultados.csv,-0.6732351906875669,,20485,20485,0.8687463378194522,15.719965838702185,12.00912163332771,6.737671009629488,26.39504438536362,0.9490545074812518,Aceptable
5,O3,ml,LightGBM,B,own,test,o3_mid_alphasense_ug_m3_aan803,-,False,tabla_maestra_resultados.csv,-1.7731180078883613,0.0,7094,7094,-1.7731180078883613,29.27228565816585,27.379562511915314,27.01370862793086,92.16566094860102,0.7731903231417607,Inaceptable
5,O3,ml,LightGBM,B,intersection,test,o3_mid_alphasense_ug_m3_aan803,-,False,tabla_maestra_resultados.csv,-1.7731180078883613,,7094,7094,-1.7731180078883613,29.27228565816585,27.379562511915314,27.01370862793086,92.16566094860102,0.7731903231417607,Inaceptable
5,O3,ml,LightGBM,B,own,full,o3_mid_alphasense_ug_m3_aan803,-,False,tabla_maestra_resultados.csv,-1.7731180078883613,,20485,20485,0.7929287016366036,19.74494081827672,15.377887174800284,10.125031566202397,33.15329019365215,0.9250818476000935,Marginal
5,O3,ml,LightGBM,B,intersection,full,o3_mid_alphasense_ug_m3_aan803,-,False,tabla_maestra_resultados.csv,-1.7731180078883613,,20485,20485,0.7929287016366036,19.74494081827672,15.377887174800284,10.125031566202397,33.15329019365215,0.9250818476000935,Marginal
5,O3,ml,DNN,B,own,test,o3_mid_alphasense_ug_m3_aan803,-,False,tabla_maestra_resultados.csv,-6.968709497630614,-6.136784946875196e-08,7094,7094,-6.968709558998463,49.62110807525184,45.048082659637124,44.57607954568845,156.23522796149524,0.414191314387703,Inaceptable
5,O3,ml,DNN,B,intersection,test,o3_mid_alphasense_ug_m3_aan803,-,False,tabla_maestra_resultados.csv,-6.968709497630614,,7094,7094,-6.968709558998463,49.62110807525184,45.048082659637124,44.57607954568845,156.23522796149524,0.414191314387703,Inaceptable
5,O3,ml,DNN,B,own,full,o3_mid_alphasense_ug_m3_aan803,-,False,tabla_maestra_resultados.csv,-6.968709497630614,,20485,20485,0.41476102881933585,33.19422260855478,25.114905611127988,14.429892582657095,55.735679586106436,0.7302039626219423,Inaceptable
5,O3,ml,DNN,B,intersection,full,o3_mid_alphasense_ug_m3_aan803,-,False,tabla_maestra_resultados.csv,-6.968709497630614,,20485,20485,0.41476102881933585,33.19422260855478,25.114905611127988,14.429892582657095,55.735679586106436,0.7302039626219423,Inaceptable
5,O3,ml,XGBoost,B,own,test,o3_mid_alphasense_ug_m3_aan803,-,False,tabla_maestra_resultados.csv,-1.0999002391913288,0.0,7094,7094,-1.0999002391913288,25.472512886516256,23.36196807020719,22.944624942629844,80.20183369427497,0.7950022599771284,Inaceptable
5,O3,ml,XGBoost,B,intersection,test,o3_mid_alphasense_ug_m3_aan803,-,False,tabla_maestra_resultados.csv,-1.0999002391913288,,7094,7094,-1.0999002391913288,25.472512886516256,23.36196807020719,22.944624942629844,80.20183369427497,0.7950022599771284,Inaceptable
5,O3,ml,XGBoost,B,own,full,o3_mid_alphasense_ug_m3_aan803,-,False,tabla_maestra_resultados.csv,-1.0999002391913288,,20485,20485,0.8313790806932201,17.817698648429445,13.955189339435142,7.934809980889888,29.917300806879847,0.9338051995747212,Aceptable
5,O3,ml,XGBoost,B,intersection,full,o3_mid_alphasense_ug_m3_aan803,-,False,tabla_maestra_resultados.csv,-1.0999002391913288,,20485,20485,0.8313790806932201,17.817698648429445,13.955189339435142,7.934809980889888,29.917300806879847,0.9338051995747212,Aceptable
5,O3,ml,RF,C,own,test,o3_mid_alphasense_ug_m3_aan803,-,False,tabla_maestra_resultados.csv,-1.5433699644831154,0.0,7836,7836,-1.5433699644831154,27.65430659414656,22.055115177534873,20.91205076934151,85.63429223821714,0.04948094493868234,Inaceptable
5,O3,ml,RF,C,intersection,test,o3_mid_alphasense_ug_m3_aan803,-,False,tabla_maestra_resultados.csv,-1.5433699644831154,,7094,7094,-1.546004259765981,28.048007965264322,22.390737112971593,21.242555959012286,88.3109444406873,0.043520258701570946,Inaceptable
5,O3,ml,RF,C,own,full,o3_mid_alphasense_ug_m3_aan803,-,False,tabla_maestra_resultados.csv,-1.5433699644831154,,22479,22479,0.6947699686940579,23.92252257503216,18.393374118751062,7.29415251993714,39.98228344171583,0.8570160859705461,Marginal
5,O3,ml,RF,C,intersection,full,o3_mid_alphasense_ug_m3_aan803,-,False,tabla_maestra_resultados.csv,-1.5433699644831154,,20485,20485,0.6898988294487609,24.16281817571076,18.56242592191073,7.454775186443403,40.571249630400615,0.8557680276486918,Marginal
5,O3,ml,LightGBM,C,own,test,o3_mid_alphasense_ug_m3_aan803,-,False,tabla_maestra_resultados.csv,-2.595417181223981,-4.440892098500626e-16,7836,7836,-2.5954171812239815,32.880063605917684,27.721915262178513,27.171059040446824,101.81636505889821,0.04815186027413394,Inaceptable
5,O3,ml,LightGBM,C,intersection,test,o3_mid_alphasense_ug_m3_aan803,-,False,tabla_maestra_resultados.csv,-2.595417181223981,,7094,7094,-2.6104240864558244,33.400392319188086,28.1989342186501,27.645005868319327,105.16326842355063,0.04124276308948281,Inaceptable
5,O3,ml,LightGBM,C,own,full,o3_mid_alphasense_ug_m3_aan803,-,False,tabla_maestra_resultados.csv,-2.595417181223981,,22479,22479,0.5977138496346448,27.463816146452892,21.537998414217324,11.33244097061516,45.90093198217726,0.8473040945062074,Marginal
5,O3,ml,LightGBM,C,intersection,full,o3_mid_alphasense_ug_m3_aan803,-,False,tabla_maestra_resultados.csv,-2.595417181223981,,20485,20485,0.5894418675031481,27.80245923722978,21.767623327324277,11.5499081960313,46.68248984245426,0.8454127893853864,Marginal
5,O3,ml,DNN,C,own,test,o3_mid_alphasense_ug_m3_aan803,-,False,tabla_maestra_resultados.csv,-4.508925296859689,2.2267554911081788e-08,7836,7836,-4.508925274592134,40.699722209568925,29.94855406308455,26.415059058938255,126.03071040104092,0.06374059603891086,Inaceptable
5,O3,ml,DNN,C,intersection,test,o3_mid_alphasense_ug_m3_aan803,-,False,tabla_maestra_resultados.csv,-4.508925296859689,,7094,7094,-4.782838140469983,42.27104433238953,31.35560237107874,27.822137462559034,133.09308283535003,0.07542810493600598,Inaceptable
5,O3,ml,DNN,C,own,full,o3_mid_alphasense_ug_m3_aan803,-,False,tabla_maestra_resultados.csv,-4.508925296859689,,22479,22479,0.29223346499768454,36.428253875369194,27.72991801420285,-5.148087578559973,60.88341090132031,0.570150562468299,Inaceptable
5,O3,ml,DNN,C,intersection,full,o3_mid_alphasense_ug_m3_aan803,-,False,tabla_maestra_resultados.csv,-4.508925296859689,,20485,20485,0.27047958247410575,37.06078454267835,28.227829287174906,-4.660152566494071,62.22793757935756,0.5537562219994613,Inaceptable
5,O3,ml,XGBoost,C,own,test,o3_mid_alphasense_ug_m3_aan803,-,False,tabla_maestra_resultados.csv,-1.9769123096837864,-2.220446049250313e-16,7836,7836,-1.9769123096837866,29.918583314229153,24.344176167214815,23.28666243297158,92.6458487817027,0.04456970068997409,Inaceptable
5,O3,ml,XGBoost,C,intersection,test,o3_mid_alphasense_ug_m3_aan803,-,False,tabla_maestra_resultados.csv,-1.9769123096837864,,7094,7094,-1.9775009702211337,30.331816150684123,24.712980427784505,23.65620090864052,95.50166037408155,0.03919015329181058,Inaceptable
5,O3,ml,XGBoost,C,own,full,o3_mid_alphasense_ug_m3_aan803,-,False,tabla_maestra_resultados.csv,-1.9769123096837864,,22479,22479,0.6776852256415924,24.58291894054658,18.944064548104183,8.115002567919406,41.08601966297179,0.8494955310094428,Marginal
5,O3,ml,XGBoost,C,intersection,full,o3_mid_alphasense_ug_m3_aan803,-,False,tabla_maestra_resultados.csv,-1.9769123096837864,,20485,20485,0.6722994770483801,24.839019606445206,19.127063271504117,8.318207759359026,41.70664438639555,0.8479551858255606,Marginal
5,O3,ml,LSTM_v6,A,own,test,o3_mid_alphasense_ug_m3_aan803,-,False,tabla_maestra_lstm_v6.csv,-2.103124754057324,0.0001576387694828263,7094,5006,-2.102967115287841,31.335281968120725,28.47112951578773,28.28301992088915,102.41600557254557,0.753535754762619,Inaceptable
5,O3,ml,LSTM_v6,A,intersection,test,o3_mid_alphasense_ug_m3_aan803,-,False,tabla_maestra_lstm_v6.csv,-2.103124754057324,,7094,5006,-2.102967115287841,31.335281968120725,28.47112951578773,28.28301992088915,102.41600557254557,0.753535754762619,Inaceptable
5,O3,ml,LSTM_v6,A,own,full,o3_mid_alphasense_ug_m3_aan803,-,False,tabla_maestra_lstm_v6.csv,-2.103124754057324,,20485,13005,0.7444595927451556,20.70531910575918,14.992075109156039,11.460661010521031,37.175586434652615,0.9071270767563138,Marginal
5,O3,ml,LSTM_v6,A,intersection,full,o3_mid_alphasense_ug_m3_aan803,-,False,tabla_maestra_lstm_v6.csv,-2.103124754057324,,20485,13005,0.7444595927451556,20.70531910575918,14.992075109156039,11.460661010521031,37.175586434652615,0.9071270767563138,Marginal
5,O3,ml,LSTM_v6,B,own,test,o3_mid_alphasense_ug_m3_aan803,-,False,tabla_maestra_lstm_v6.csv,-0.5085148781320417,-4.7872833070838894e-05,7094,5006,-0.5085627509651125,21.848755792723544,18.918216438969644,17.821645140074835,71.41031305533716,0.8608791181352167,Inaceptable
5,O3,ml,LSTM_v6,B,intersection,test,o3_mid_alphasense_ug_m3_aan803,-,False,tabla_maestra_lstm_v6.csv,-0.5085148781320417,,7094,5006,-0.5085627509651125,21.848755792723544,18.918216438969644,17.821645140074835,71.41031305533716,0.8608791181352167,Inaceptable
5,O3,ml,LSTM_v6,B,own,full,o3_mid_alphasense_ug_m3_aan803,-,False,tabla_maestra_lstm_v6.csv,-0.5085148781320417,,20485,13005,0.8623072220461139,15.198744622224252,10.967584186411878,6.847713523868944,27.288748437813187,0.9436520013449157,Aceptable
5,O3,ml,LSTM_v6,B,intersection,full,o3_mid_alphasense_ug_m3_aan803,-,False,tabla_maestra_lstm_v6.csv,-0.5085148781320417,,20485,13005,0.8623072220461139,15.198744622224252,10.967584186411878,6.847713523868944,27.288748437813187,0.9436520013449157,Aceptable
5,O3,ml,LSTM_v6,C,own,test,o3_mid_alphasense_ug_m3_aan803,-,False,tabla_maestra_lstm_v6.csv,-1.749101072503506,7.022741876916427e-08,7836,6004,-1.7491010022760873,28.668768898077072,22.91692715896277,20.111653985875733,90.11060502688115,0.064712564036006,Inaceptable
5,O3,ml,LSTM_v6,C,intersection,test,o3_mid_alphasense_ug_m3_aan803,-,False,tabla_maestra_lstm_v6.csv,-1.749101072503506,,7094,5006,-1.8690819754319024,30.13120491852045,24.37634669961028,22.04922281145372,98.48060898198374,0.10090104968812474,Inaceptable
5,O3,ml,LSTM_v6,C,own,full,o3_mid_alphasense_ug_m3_aan803,-,False,tabla_maestra_lstm_v6.csv,-1.749101072503506,,22479,17352,0.7685599262967416,19.93713521140646,14.362012213993019,4.760111870889023,34.03009147647306,0.8868033527348941,Marginal
5,O3,ml,LSTM_v6,C,intersection,full,o3_mid_alphasense_ug_m3_aan803,-,False,tabla_maestra_lstm_v6.csv,-1.749101072503506,,20485,13005,0.7261852699531839,21.43288040615312,15.478337165288611,6.64198130167936,38.48189414578468,0.8702117537096065,Marginal
5,NO2_alpha,ols_train_only,-,-,own,test,no2_high_met_one_ug_m3,c_hat_ols_NO2_alpha,False,-,,,7829,7829,-0.9087996037155972,19.316959791969573,14.928876269641833,-14.486783573472506,91.02050362970422,0.4059408126758949,Inaceptable
5,NO2_alpha,ols_train_only,-,-,configA,test,no2_high_met_one_ug_m3,c_hat_ols_NO2_alpha,False,-,,,7829,7829,-0.9087996037155972,19.316959791969573,14.928876269641833,-14.486783573472506,91.02050362970422,0.4059408126758949,Inaceptable
5,NO2_alpha,ols_train_only,-,-,intersection,test,no2_high_met_one_ug_m3,c_hat_ols_NO2_alpha,False,-,,,7829,7829,-0.9087996037155972,19.316959791969573,14.928876269641833,-14.486783573472506,91.02050362970422,0.4059408126758949,Inaceptable
5,NO2_alpha,ols_s6_full_period,-,-,own,test,no2_high_met_one_ug_m3,no2_mid_alphasense_ug_m3_ols,False,-,,,7829,7829,0.16078299895734316,12.808425436694495,9.472391729421917,-3.4092906899278965,60.35263035729383,0.5126977351647948,Inaceptable
5,NO2_alpha,ols_s6_full_period,-,-,configA,test,no2_high_met_one_ug_m3,no2_mid_alphasense_ug_m3_ols,False,-,,,7829,7829,0.16078299895734316,12.808425436694495,9.472391729421917,-3.4092906899278965,60.35263035729383,0.5126977351647948,Inaceptable
5,NO2_alpha,ols_s6_full_period,-,-,intersection,test,no2_high_met_one_ug_m3,no2_mid_alphasense_ug_m3_ols,False,-,,,7829,7829,0.16078299895734316,12.808425436694495,9.472391729421917,-3.4092906899278965,60.35263035729383,0.5126977351647948,Inaceptable
5,NO2_alpha,alphasense_factory,-,-,own,test,no2_high_met_one_ug_m3,no2_mid_alphasense_ug_m3_aan803,False,-,,,7829,7829,0.053077688243958976,13.60553997228949,11.52387973131862,6.475571660364097,64.10859233380404,0.5189397770622322,Inaceptable
5,NO2_alpha,alphasense_factory,-,-,configA,test,no2_high_met_one_ug_m3,no2_mid_alphasense_ug_m3_aan803,False,-,,,7829,7829,0.053077688243958976,13.60553997228949,11.52387973131862,6.475571660364097,64.10859233380404,0.5189397770622322,Inaceptable
5,NO2_alpha,alphasense_factory,-,-,intersection,test,no2_high_met_one_ug_m3,no2_mid_alphasense_ug_m3_aan803,False,-,,,7829,7829,0.053077688243958976,13.60553997228949,11.52387973131862,6.475571660364097,64.10859233380404,0.5189397770622322,Inaceptable
5,NO2_alpha,alphasense_factory,-,-,own,test,no2_high_met_one_ug_m3,no2_mid_alphasense_ug_m3_aan803,True,-,,,7829,7829,0.05307407471052028,13.60531315175,11.52371368201475,6.475405611060227,64.10702198393217,0.5189320514103528,Inaceptable
5,NO2_alpha,alphasense_factory,-,-,configA,test,no2_high_met_one_ug_m3,no2_mid_alphasense_ug_m3_aan803,True,-,,,7829,7829,0.05307407471052028,13.60531315175,11.52371368201475,6.475405611060227,64.10702198393217,0.5189320514103528,Inaceptable
5,NO2_alpha,alphasense_factory,-,-,intersection,test,no2_high_met_one_ug_m3,no2_mid_alphasense_ug_m3_aan803,True,-,,,7829,7829,0.05307407471052028,13.60531315175,11.52371368201475,6.475405611060227,64.10702198393217,0.5189320514103528,Inaceptable
5,NO2_alpha,ols_train_only,-,-,own,full,no2_high_met_one_ug_m3,c_hat_ols_NO2_alpha,False,-,,,23357,23357,-0.10651071673967505,12.715356295071418,8.696083501280995,-4.8558046237409025,77.40676603754063,0.35075598563310173,Inaceptable
5,NO2_alpha,ols_train_only,-,-,configA,full,no2_high_met_one_ug_m3,c_hat_ols_NO2_alpha,False,-,,,23357,23357,-0.10651071673967505,12.715356295071418,8.696083501280995,-4.8558046237409025,77.40676603754063,0.35075598563310173,Inaceptable
5,NO2_alpha,ols_train_only,-,-,intersection,full,no2_high_met_one_ug_m3,c_hat_ols_NO2_alpha,False,-,,,23357,23357,-0.10651071673967505,12.715356295071418,8.696083501280995,-4.8558046237409025,77.40676603754063,0.35075598563310173,Inaceptable
5,NO2_alpha,ols_s6_full_period,-,-,own,full,no2_high_met_one_ug_m3,no2_mid_alphasense_ug_m3_ols,False,-,,,23357,23357,0.3016935072793169,10.101218413945956,7.598014610302023,0.0943760222837397,61.492783396520636,0.5512514064249723,Inaceptable
5,NO2_alpha,ols_s6_full_period,-,-,configA,full,no2_high_met_one_ug_m3,no2_mid_alphasense_ug_m3_ols,False,-,,,23357,23357,0.3016935072793169,10.101218413945956,7.598014610302023,0.0943760222837397,61.492783396520636,0.5512514064249723,Inaceptable
5,NO2_alpha,ols_s6_full_period,-,-,intersection,full,no2_high_met_one_ug_m3,no2_mid_alphasense_ug_m3_ols,False,-,,,23357,23357,0.3016935072793169,10.101218413945956,7.598014610302023,0.0943760222837397,61.492783396520636,0.5512514064249723,Inaceptable
5,NO2_alpha,alphasense_factory,-,-,own,full,no2_high_met_one_ug_m3,no2_mid_alphasense_ug_m3_aan803,False,-,,,23357,23357,-0.2720558640362163,13.633388602762768,11.096217657716089,3.5226320304486953,82.99543460547623,0.4840260325013772,Inaceptable
5,NO2_alpha,alphasense_factory,-,-,configA,full,no2_high_met_one_ug_m3,no2_mid_alphasense_ug_m3_aan803,False,-,,,23357,23357,-0.2720558640362163,13.633388602762768,11.096217657716089,3.5226320304486953,82.99543460547623,0.4840260325013772,Inaceptable
5,NO2_alpha,alphasense_factory,-,-,intersection,full,no2_high_met_one_ug_m3,no2_mid_alphasense_ug_m3_aan803,False,-,,,23357,23357,-0.2720558640362163,13.633388602762768,11.096217657716089,3.5226320304486953,82.99543460547623,0.4840260325013772,Inaceptable
5,NO2_alpha,alphasense_factory,-,-,own,full,no2_high_met_one_ug_m3,no2_mid_alphasense_ug_m3_aan803,True,-,,,23357,23357,-0.0028405107789415407,12.10467507066027,10.066769260807106,4.551583788234504,73.68803243751152,0.5393091341977807,Inaceptable
5,NO2_alpha,alphasense_factory,-,-,configA,full,no2_high_met_one_ug_m3,no2_mid_alphasense_ug_m3_aan803,True,-,,,23357,23357,-0.0028405107789415407,12.10467507066027,10.066769260807106,4.551583788234504,73.68803243751152,0.5393091341977807,Inaceptable
5,NO2_alpha,alphasense_factory,-,-,intersection,full,no2_high_met_one_ug_m3,no2_mid_alphasense_ug_m3_aan803,True,-,,,23357,23357,-0.0028405107789415407,12.10467507066027,10.066769260807106,4.551583788234504,73.68803243751152,0.5393091341977807,Inaceptable
5,NO2_alpha,ml,RF,A,own,test,no2_high_met_one_ug_m3,-,False,tabla_maestra_no2alpha.csv,-0.0618732703853708,-2.7755575615628914e-17,7829,7829,-0.06187327038537083,14.407709794018281,10.270916421151572,-8.019257829157597,67.88837455401955,0.5276496460074466,Inaceptable
5,NO2_alpha,ml,RF,A,intersection,test,no2_high_met_one_ug_m3,-,False,tabla_maestra_no2alpha.csv,-0.0618732703853708,,7829,7829,-0.06187327038537083,14.407709794018281,10.270916421151572,-8.019257829157597,67.88837455401955,0.5276496460074466,Inaceptable
5,NO2_alpha,ml,RF,A,own,full,no2_high_met_one_ug_m3,-,False,tabla_maestra_no2alpha.csv,-0.0618732703853708,,23357,23357,0.48203144824097244,8.699662767270254,4.828899368518615,-2.6859089819060147,52.96058913367708,0.7319330954786978,Inaceptable
5,NO2_alpha,ml,RF,A,intersection,full,no2_high_met_one_ug_m3,-,False,tabla_maestra_no2alpha.csv,-0.0618732703853708,,23357,23357,0.48203144824097244,8.699662767270254,4.828899368518615,-2.6859089819060142,52.96058913367708,0.7319330954786977,Inaceptable
5,NO2_alpha,ml,LightGBM,A,own,test,no2_high_met_one_ug_m3,-,False,tabla_maestra_no2alpha.csv,-0.2244502103102865,-5.551115123125783e-17,7829,7829,-0.22445021031028656,15.471384262576063,11.13890889431941,-9.545244440476687,72.90035298483016,0.5122237695624097,Inaceptable
5,NO2_alpha,ml,LightGBM,A,intersection,test,no2_high_met_one_ug_m3,-,False,tabla_maestra_no2alpha.csv,-0.2244502103102865,,7829,7829,-0.22445021031028656,15.471384262576063,11.13890889431941,-9.545244440476687,72.90035298483016,0.5122237695624097,Inaceptable
5,NO2_alpha,ml,LightGBM,A,own,full,no2_high_met_one_ug_m3,-,False,tabla_maestra_no2alpha.csv,-0.2244502103102865,,23357,23357,0.3052244758831365,10.07564777467274,6.489971391391749,-3.3893631602709315,61.337118038372594,0.6219185843911816,Inaceptable
5,NO2_alpha,ml,LightGBM,A,intersection,full,no2_high_met_one_ug_m3,-,False,tabla_maestra_no2alpha.csv,-0.2244502103102865,,23357,23357,0.3052244758831365,10.07564777467274,6.489971391391749,-3.3893631602709315,61.337118038372594,0.6219185843911816,Inaceptable
5,NO2_alpha,ml,DNN,A,own,test,no2_high_met_one_ug_m3,-,False,tabla_maestra_no2alpha.csv,-0.0995269364474085,8.740468210310937e-10,7829,7829,-0.09952693557336167,14.660930811561133,10.405582336813636,-8.261534323420069,69.08153873692365,0.5309219101745718,Inaceptable
5,NO2_alpha,ml,DNN,A,intersection,test,no2_high_met_one_ug_m3,-,False,tabla_maestra_no2alpha.csv,-0.0995269364474085,,7829,7829,-0.09952693557336167,14.660930811561133,10.405582336813636,-8.261534323420069,69.08153873692365,0.5309219101745718,Inaceptable
5,NO2_alpha,ml,DNN,A,own,full,no2_high_met_one_ug_m3,-,False,tabla_maestra_no2alpha.csv,-0.0995269364474085,,23357,23357,0.3642586501161317,9.638089427272458,6.233466764324642,-2.8968042289444647,58.67341158461677,0.650740585744304,Inaceptable
5,NO2_alpha,ml,DNN,A,intersection,full,no2_high_met_one_ug_m3,-,False,tabla_maestra_no2alpha.csv,-0.0995269364474085,,23357,23357,0.3642586501161317,9.638089427272458,6.233466764324642,-2.8968042289444647,58.67341158461677,0.650740585744304,Inaceptable
5,NO2_alpha,ml,RF,B,own,test,no2_high_met_one_ug_m3,-,False,tabla_maestra_no2alpha.csv,-0.253331714952117,-5.551115123125783e-17,7829,7829,-0.25333171495211704,15.652785088777671,11.186736913928787,-9.821609125852476,73.75510418468403,0.5040035648512998,Inaceptable
5,NO2_alpha,ml,RF,B,intersection,test,no2_high_met_one_ug_m3,-,False,tabla_maestra_no2alpha.csv,-0.253331714952117,,7829,7829,-0.25333171495211704,15.652785088777671,11.186736913928787,-9.821609125852476,73.75510418468403,0.5040035648512996,Inaceptable
5,NO2_alpha,ml,RF,B,own,full,no2_high_met_one_ug_m3,-,False,tabla_maestra_no2alpha.csv,-0.253331714952117,,23357,23357,0.3697711378725834,9.596212708289157,5.721896364116289,-3.301919518591526,58.41848035708863,0.6667421610603139,Inaceptable
5,NO2_alpha,ml,RF,B,intersection,full,no2_high_met_one_ug_m3,-,False,tabla_maestra_no2alpha.csv,-0.253331714952117,,23357,23357,0.3697711378725834,9.596212708289157,5.721896364116289,-3.301919518591526,58.41848035708863,0.6667421610603139,Inaceptable
5,NO2_alpha,ml,LightGBM,B,own,test,no2_high_met_one_ug_m3,-,False,tabla_maestra_no2alpha.csv,-0.2296388506970215,0.0,7829,7829,-0.2296388506970215,15.50412981070794,11.12471561273962,-9.75966464924418,73.05464829396226,0.5371370392503737,Inaceptable
5,NO2_alpha,ml,LightGBM,B,intersection,test,no2_high_met_one_ug_m3,-,False,tabla_maestra_no2alpha.csv,-0.2296388506970215,,7829,7829,-0.2296388506970215,15.50412981070794,11.12471561273962,-9.75966464924418,73.05464829396226,0.5371370392503737,Inaceptable
5,NO2_alpha,ml,LightGBM,B,own,full,no2_high_met_one_ug_m3,-,False,tabla_maestra_no2alpha.csv,-0.2296388506970215,,23357,23357,0.3101271530498322,10.040035480552374,6.436155488074298,-3.4442353980832086,61.120322499571714,0.627130671530863,Inaceptable
5,NO2_alpha,ml,LightGBM,B,intersection,full,no2_high_met_one_ug_m3,-,False,tabla_maestra_no2alpha.csv,-0.2296388506970215,,23357,23357,0.3101271530498322,10.040035480552374,6.436155488074298,-3.4442353980832086,61.120322499571714,0.627130671530863,Inaceptable
5,NO2_alpha,ml,DNN,B,own,test,no2_high_met_one_ug_m3,-,False,tabla_maestra_no2alpha.csv,-0.2263076430763324,-2.7904550337076728e-09,7829,7829,-0.22630764586678742,15.483114510582135,10.972438575207677,-9.578749669175265,72.95562529955838,0.551451557044677,Inaceptable
5,NO2_alpha,ml,DNN,B,intersection,test,no2_high_met_one_ug_m3,-,False,tabla_maestra_no2alpha.csv,-0.2263076430763324,,7829,7829,-0.22630764586678742,15.483114510582135,10.972438575207677,-9.578749669175265,72.95562529955838,0.551451557044677,Inaceptable
5,NO2_alpha,ml,DNN,B,own,full,no2_high_met_one_ug_m3,-,False,tabla_maestra_no2alpha.csv,-0.2263076430763324,,23357,23357,0.29988998442821313,10.114254259080814,6.5111455804176686,-3.390391981470547,61.57214118965197,0.6162824836698432,Inaceptable
5,NO2_alpha,ml,DNN,B,intersection,full,no2_high_met_one_ug_m3,-,False,tabla_maestra_no2alpha.csv,-0.2263076430763324,,23357,23357,0.29988998442821313,10.114254259080814,6.5111455804176686,-3.390391981470547,61.57214118965197,0.6162824836698432,Inaceptable
5,NO2_alpha,ml,RF,C,own,test,no2_high_met_one_ug_m3,-,False,tabla_maestra_no2alpha.csv,-0.424571623114244,0.0,7829,7829,-0.424571623114244,16.687864021512944,11.968607656657586,-11.027737649304258,78.63234194718262,0.4570638594289016,Inaceptable
5,NO2_alpha,ml,RF,C,intersection,test,no2_high_met_one_ug_m3,-,False,tabla_maestra_no2alpha.csv,-0.424571623114244,,7829,7829,-0.424571623114244,16.687864021512944,11.968607656657586,-11.027737649304258,78.63234194718262,0.4570638594289016,Inaceptable
5,NO2_alpha,ml,RF,C,own,full,no2_high_met_one_ug_m3,-,False,tabla_maestra_no2alpha.csv,-0.424571623114244,,23357,23357,0.2921635383812302,10.169911806160751,5.9802163262665,-3.7079264074177134,61.910965413296424,0.6221968806715147,Inaceptable
5,NO2_alpha,ml,RF,C,intersection,full,no2_high_met_one_ug_m3,-,False,tabla_maestra_no2alpha.csv,-0.424571623114244,,23357,23357,0.2921635383812301,10.169911806160751,5.9802163262665,-3.7079264074177134,61.910965413296424,0.6221968806715146,Inaceptable
5,NO2_alpha,ml,LightGBM,C,own,test,no2_high_met_one_ug_m3,-,False,tabla_maestra_no2alpha.csv,-0.4503654772883574,0.0,7829,7829,-0.4503654772883574,16.838264786931294,12.164228870502969,-11.005712178769208,79.34102248294491,0.4330847989164457,Inaceptable
5,NO2_alpha,ml,LightGBM,C,intersection,test,no2_high_met_one_ug_m3,-,False,tabla_maestra_no2alpha.csv,-0.4503654772883574,,7829,7829,-0.4503654772883574,16.838264786931294,12.164228870502969,-11.005712178769208,79.34102248294491,0.4330847989164457,Inaceptable
5,NO2_alpha,ml,LightGBM,C,own,full,no2_high_met_one_ug_m3,-,False,tabla_maestra_no2alpha.csv,-0.4503654772883574,,23357,23357,0.20712761311849548,10.763471575891472,6.8137641493228065,-3.870001036200303,65.52435548736389,0.5565778032976643,Inaceptable
5,NO2_alpha,ml,LightGBM,C,intersection,full,no2_high_met_one_ug_m3,-,False,tabla_maestra_no2alpha.csv,-0.4503654772883574,,23357,23357,0.20712761311849548,10.763471575891472,6.8137641493228065,-3.870001036200303,65.52435548736389,0.5565778032976643,Inaceptable
5,NO2_alpha,ml,DNN,C,own,test,no2_high_met_one_ug_m3,-,False,tabla_maestra_no2alpha.csv,-0.1873924285772579,1.1290242074579737e-09,7829,7829,-0.1873924274482337,15.235466101077286,10.784649450012454,-9.235132553867034,71.78871895409932,0.5513959911470675,Inaceptable
5,NO2_alpha,ml,DNN,C,intersection,test,no2_high_met_one_ug_m3,-,False,tabla_maestra_no2alpha.csv,-0.1873924285772579,,7829,7829,-0.1873924274482337,15.235466101077286,10.784649450012454,-9.235132553867034,71.78871895409932,0.5513959911470675,Inaceptable
5,NO2_alpha,ml,DNN,C,own,full,no2_high_met_one_ug_m3,-,False,tabla_maestra_no2alpha.csv,-0.1873924285772579,,23357,23357,0.31837910792202184,9.979807594679892,6.472135100197485,-2.9371713686689613,60.753675607225176,0.6144418169116288,Inaceptable
5,NO2_alpha,ml,DNN,C,intersection,full,no2_high_met_one_ug_m3,-,False,tabla_maestra_no2alpha.csv,-0.1873924285772579,,23357,23357,0.31837910792202184,9.979807594679892,6.472135100197485,-2.9371713686689613,60.753675607225176,0.6144418169116288,Inaceptable
5,NO2_alpha,ml,XGBoost,A,own,test,no2_high_met_one_ug_m3,-,False,tabla_maestra_no2alpha.csv,-0.2141022344817496,0.0,7829,7829,-0.2141022344817496,15.405870288733244,11.092522506566016,-9.587923602349672,72.59165456861066,0.5199908555968695,Inaceptable
5,NO2_alpha,ml,XGBoost,A,intersection,test,no2_high_met_one_ug_m3,-,False,tabla_maestra_no2alpha.csv,-0.2141022344817496,,7829,7829,-0.2141022344817496,15.405870288733244,11.092522506566016,-9.587923602349672,72.59165456861066,0.5199908555968695,Inaceptable
5,NO2_alpha,ml,XGBoost,A,own,full,no2_high_met_one_ug_m3,-,False,tabla_maestra_no2alpha.csv,-0.2141022344817496,,23357,23357,0.32338712587332585,9.943078089515431,6.3847920144214685,-3.211666480554121,60.5300788674278,0.6277874585440268,Inaceptable
5,NO2_alpha,ml,XGBoost,A,intersection,full,no2_high_met_one_ug_m3,-,False,tabla_maestra_no2alpha.csv,-0.2141022344817496,,23357,23357,0.32338712587332585,9.943078089515431,6.3847920144214685,-3.211666480554121,60.5300788674278,0.6277874585440268,Inaceptable
5,NO2_alpha,ml,XGBoost,B,own,test,no2_high_met_one_ug_m3,-,False,tabla_maestra_no2alpha.csv,-0.2223914069755099,-5.551115123125783e-17,7829,7829,-0.22239140697550996,15.458371917194254,11.06176104057732,-9.723332079496249,72.83903949436319,0.5437669490988857,Inaceptable
5,NO2_alpha,ml,XGBoost,B,intersection,test,no2_high_met_one_ug_m3,-,False,tabla_maestra_no2alpha.csv,-0.2223914069755099,,7829,7829,-0.22239140697550996,15.458371917194254,11.06176104057732,-9.723332079496249,72.83903949436319,0.5437669490988857,Inaceptable
5,NO2_alpha,ml,XGBoost,B,own,full,no2_high_met_one_ug_m3,-,False,tabla_maestra_no2alpha.csv,-0.2223914069755099,,23357,23357,0.31157696555578795,10.02948003921697,6.463271366480651,-3.2589319564220594,61.05606456146035,0.620461399442376,Inaceptable
5,NO2_alpha,ml,XGBoost,B,intersection,full,no2_high_met_one_ug_m3,-,False,tabla_maestra_no2alpha.csv,-0.2223914069755099,,23357,23357,0.31157696555578795,10.02948003921697,6.463271366480651,-3.2589319564220594,61.05606456146035,0.620461399442376,Inaceptable
5,NO2_alpha,ml,XGBoost,C,own,test,no2_high_met_one_ug_m3,-,False,tabla_maestra_no2alpha.csv,-0.4790467836550243,0.0,7829,7829,-0.4790467836550243,17.003939983715995,12.253670449560822,-11.371151378179423,80.12167533995208,0.47060722583120823,Inaceptable
5,NO2_alpha,ml,XGBoost,C,intersection,test,no2_high_met_one_ug_m3,-,False,tabla_maestra_no2alpha.csv,-0.4790467836550243,,7829,7829,-0.4790467836550243,17.003939983715995,12.253670449560822,-11.371151378179423,80.12167533995208,0.47060722583120823,Inaceptable
5,NO2_alpha,ml,XGBoost,C,own,full,no2_high_met_one_ug_m3,-,False,tabla_maestra_no2alpha.csv,-0.4790467836550243,,23357,23357,0.19869393891705345,10.820564935102158,6.888072770502478,-3.8117201268685696,65.87192044709938,0.5461891361839954,Inaceptable
5,NO2_alpha,ml,XGBoost,C,intersection,full,no2_high_met_one_ug_m3,-,False,tabla_maestra_no2alpha.csv,-0.4790467836550243,,23357,23357,0.19869393891705345,10.820564935102158,6.888072770502478,-3.8117201268685696,65.87192044709938,0.5461891361839954,Inaceptable
5,NO2_alpha,ml,LSTM,A,own,test,no2_high_met_one_ug_m3,-,False,tabla_maestra_no2alpha_lstm.csv,-0.360932710855014,0.00023634541704731227,7829,5903,-0.3606963654379667,15.300510394247594,10.986204786080942,-9.308712676378018,72.39232822624922,0.3838542449725452,Inaceptable
5,NO2_alpha,ml,LSTM,A,intersection,test,no2_high_met_one_ug_m3,-,False,tabla_maestra_no2alpha_lstm.csv,-0.360932710855014,,7829,5903,-0.3606963654379667,15.300510394247594,10.986204786080942,-9.308712676378018,72.39232822624922,0.3838542449725452,Inaceptable
5,NO2_alpha,ml,LSTM,A,own,full,no2_high_met_one_ug_m3,-,False,tabla_maestra_no2alpha_lstm.csv,-0.360932710855014,,23357,17471,0.3055023332451591,9.427141805826286,5.564730592543925,-3.194297687206713,59.51434111526376,0.621015785665007,Inaceptable
5,NO2_alpha,ml,LSTM,A,intersection,full,no2_high_met_one_ug_m3,-,False,tabla_maestra_no2alpha_lstm.csv,-0.360932710855014,,23357,17471,0.3055023332451591,9.427141805826286,5.564730592543925,-3.194297687206713,59.51434111526376,0.621015785665007,Inaceptable
5,NO2_alpha,ml,LSTM,B,own,test,no2_high_met_one_ug_m3,-,False,tabla_maestra_no2alpha_lstm.csv,-0.1728038644317351,0.0001662902994039317,7829,5903,-0.17263757413233116,14.203887008202686,10.04249309691336,-8.633688705540624,67.20380065052925,0.5132844153629835,Inaceptable
5,NO2_alpha,ml,LSTM,B,intersection,test,no2_high_met_one_ug_m3,-,False,tabla_maestra_no2alpha_lstm.csv,-0.1728038644317351,,7829,5903,-0.17263757413233116,14.203887008202686,10.04249309691336,-8.633688705540624,67.20380065052925,0.5132844153629835,Inaceptable
5,NO2_alpha,ml,LSTM,B,own,full,no2_high_met_one_ug_m3,-,False,tabla_maestra_no2alpha_lstm.csv,-0.1728038644317351,,23357,17471,0.3881805066402343,8.848227887651761,5.235582920766833,-3.1896369788555408,55.85960873589942,0.6839082733936422,Inaceptable
5,NO2_alpha,ml,LSTM,B,intersection,full,no2_high_met_one_ug_m3,-,False,tabla_maestra_no2alpha_lstm.csv,-0.1728038644317351,,23357,17471,0.3881805066402343,8.848227887651761,5.235582920766833,-3.1896369788555408,55.85960873589942,0.6839082733936422,Inaceptable
5,NO2_alpha,ml,LSTM,C,own,test,no2_high_met_one_ug_m3,-,False,tabla_maestra_no2alpha_lstm.csv,-0.3239704151736906,1.0462415099332656e-05,7829,5903,-0.32395995275859124,15.092553716504398,10.834141874208342,-9.581640289994231,71.40840888734365,0.45954671648920176,Inaceptable
5,NO2_alpha,ml,LSTM,C,intersection,test,no2_high_met_one_ug_m3,-,False,tabla_maestra_no2alpha_lstm.csv,-0.3239704151736906,,7829,5903,-0.32395995275859124,15.092553716504398,10.834141874208342,-9.581640289994231,71.40840888734365,0.45954671648920176,Inaceptable
5,NO2_alpha,ml,LSTM,C,own,full,no2_high_met_one_ug_m3,-,False,tabla_maestra_no2alpha_lstm.csv,-0.3239704151736906,,23357,17471,0.31225887549416653,9.381172928002423,5.664591149135867,-3.073962692414457,59.224135713473316,0.6219157965968127,Inaceptable
5,NO2_alpha,ml,LSTM,C,intersection,full,no2_high_met_one_ug_m3,-,False,tabla_maestra_no2alpha_lstm.csv,-0.3239704151736906,,23357,17471,0.31225887549416653,9.381172928002423,5.664591149135867,-3.073962692414457,59.224135713473316,0.6219157965968127,Inaceptable
5,NO2_alpha,ml,LSTM_v6,A,own,test,no2_high_met_one_ug_m3,-,False,tabla_maestra_lstm_v6.csv,-0.2611194609802461,7.898477321366393e-05,7829,5903,-0.2610404762070324,14.729561537067907,10.660434889042154,-8.68838965454163,69.69095970949091,0.42239073315970405,Inaceptable
5,NO2_alpha,ml,LSTM_v6,A,intersection,test,no2_high_met_one_ug_m3,-,False,tabla_maestra_lstm_v6.csv,-0.2611194609802461,,7829,5903,-0.2610404762070324,14.729561537067907,10.660434889042154,-8.68838965454163,69.69095970949091,0.42239073315970405,Inaceptable
5,NO2_alpha,ml,LSTM_v6,A,own,full,no2_high_met_one_ug_m3,-,False,tabla_maestra_lstm_v6.csv,-0.2611194609802461,,23357,17471,0.3396685043659934,9.192330922559444,5.589460739327395,-2.8626526548828206,58.031960209984234,0.6355483562933352,Inaceptable
5,NO2_alpha,ml,LSTM_v6,A,intersection,full,no2_high_met_one_ug_m3,-,False,tabla_maestra_lstm_v6.csv,-0.2611194609802461,,23357,17471,0.3396685043659934,9.192330922559444,5.589460739327395,-2.8626526548828206,58.031960209984234,0.6355483562933352,Inaceptable
5,NO2_alpha,ml,LSTM_v6,B,own,test,no2_high_met_one_ug_m3,-,False,tabla_maestra_lstm_v6.csv,-0.1836918243659724,-4.454495215383547e-06,7829,5903,-0.18369627886118778,14.27070560556732,10.388471651747734,-7.966819013087967,67.5199439495042,0.436939778078235,Inaceptable
5,NO2_alpha,ml,LSTM_v6,B,intersection,test,no2_high_met_one_ug_m3,-,False,tabla_maestra_lstm_v6.csv,-0.1836918243659724,,7829,5903,-0.18369627886118778,14.27070560556732,10.388471651747734,-7.966819013087967,67.5199439495042,0.436939778078235,Inaceptable
5,NO2_alpha,ml,LSTM_v6,B,own,full,no2_high_met_one_ug_m3,-,False,tabla_maestra_lstm_v6.csv,-0.1836918243659724,,23357,17471,0.39835734742416407,8.774329778097888,5.1417241193195915,-2.715875787455505,55.39308373920909,0.6752853521066436,Inaceptable
5,NO2_alpha,ml,LSTM_v6,B,intersection,full,no2_high_met_one_ug_m3,-,False,tabla_maestra_lstm_v6.csv,-0.1836918243659724,,23357,17471,0.39835734742416407,8.774329778097888,5.1417241193195915,-2.715875787455505,55.39308373920909,0.6752853521066436,Inaceptable
5,NO2_alpha,ml,LSTM_v6,C,own,test,no2_high_met_one_ug_m3,-,False,tabla_maestra_lstm_v6.csv,-0.3923815537094652,4.4170775426177755e-08,7829,5903,-0.3923815095386898,15.477628899133842,11.538641206725014,-10.001219246719884,73.23034085525853,0.45120696773055824,Inaceptable
5,NO2_alpha,ml,LSTM_v6,C,intersection,test,no2_high_met_one_ug_m3,-,False,tabla_maestra_lstm_v6.csv,-0.3923815537094652,,7829,5903,-0.3923815095386898,15.477628899133842,11.538641206725014,-10.001219246719884,73.23034085525853,0.45120696773055824,Inaceptable
5,NO2_alpha,ml,LSTM_v6,C,own,full,no2_high_met_one_ug_m3,-,False,tabla_maestra_lstm_v6.csv,-0.3923815537094652,,23357,17471,0.26400756575579865,9.704682229194221,6.088497994777286,-2.8165145747642897,61.26647721014944,0.5922411210505337,Inaceptable
5,NO2_alpha,ml,LSTM_v6,C,intersection,full,no2_high_met_one_ug_m3,-,False,tabla_maestra_lstm_v6.csv,-0.3923815537094652,,23357,17471,0.26400756575579865,9.704682229194221,6.088497994777286,-2.8165145747642897,61.26647721014944,0.5922411210505337,Inaceptable
